path,class,ext,bytes,mtime
".agents/AGENTS.md",agents-dot,.md,4014,1970-01-01T00:00:00.000Z
".agents/CURSOR_COMMAND_CENTER_CONTRACT.md",agents-dot,.md,2154,1970-01-01T00:00:00.000Z
".agents/skills/accessibility-auditor/SKILL.md",agents-dot,.md,911,1970-01-01T00:00:00.000Z
".agents/skills/browser-qa/SKILL.md",agents-dot,.md,932,1970-01-01T00:00:00.000Z
".agents/skills/evidence-auditor/SKILL.md",agents-dot,.md,1137,1970-01-01T00:00:00.000Z
".agents/skills/performance-auditor/SKILL.md",agents-dot,.md,877,1970-01-01T00:00:00.000Z
".agents/skills/quality-auditor/SKILL.md",agents-dot,.md,829,1970-01-01T00:00:00.000Z
".agents/skills/sdd/SKILL.md",agents-dot,.md,1266,1970-01-01T00:00:00.000Z
".agents/skills/security-auditor/SKILL.md",agents-dot,.md,902,1970-01-01T00:00:00.000Z
".agents/skills/seo-auditor/SKILL.md",agents-dot,.md,840,1970-01-01T00:00:00.000Z
".cursor/mcp-status.json",cursor,.json,949,1970-01-01T00:00:00.000Z
".cursor/mcp.json",cursor,.json,1047,1970-01-01T00:00:00.000Z
".cursor/rules/eos-orchestrator.mdc",cursor,.mdc,1207,1970-01-01T00:00:00.000Z
".cursorrules",root-other,.cursorrules,2976,1970-01-01T00:00:00.000Z
".editorconfig",root-other,.editorconfig,254,1970-01-01T00:00:00.000Z
".gitignore",root-other,.gitignore,643,1970-01-01T00:00:00.000Z
"CLEAN_CLONE.md",root-other,.md,3305,1970-01-01T00:00:00.000Z
"CONSTITUTION.md",root-other,.md,1855,1970-01-01T00:00:00.000Z
"DEPENDENCY_POLICY_L0.md",root-other,.md,860,1970-01-01T00:00:00.000Z
"EOS-Lab/Canary-Alpha/package.json",eos-lab,.json,232,1970-01-01T00:00:00.000Z
"EOS-Lab/Canary-Alpha/src/components/BatchParamMigrationConsole.js",eos-lab,.js,4070,1970-01-01T00:00:00.000Z
"EOS-Lab/Canary-Alpha/src/components/ConfigPayloadImporter.js",eos-lab,.js,5131,1970-01-01T00:00:00.000Z
"EOS-Lab/Canary-Alpha/src/components/ContactSupportDispatcher.js",eos-lab,.js,6536,1970-01-01T00:00:00.000Z
"EOS-Lab/Canary-Alpha/src/components/CsvTabularDataUploader.js",eos-lab,.js,5440,1970-01-01T00:00:00.000Z
"EOS-Lab/Canary-Alpha/src/components/DiagnosticReporter.js",eos-lab,.js,5068,1970-01-01T00:00:00.000Z
"EOS-Lab/Canary-Alpha/src/components/WebhookPayloadDispatcher.js",eos-lab,.js,5065,1970-01-01T00:00:00.000Z
"EOS-Lab/Canary-Alpha/src/index.html",eos-lab,.html,1923,1970-01-01T00:00:00.000Z
"EOS-Lab/Canary-Alpha/src/styles.css",eos-lab,.css,3239,1970-01-01T00:00:00.000Z
"EOS-Lab/Canary-Alpha/tests/batch-param-migration-console.test.js",eos-lab,.js,2541,1970-01-01T00:00:00.000Z
"EOS-Lab/Canary-Alpha/tests/config-payload-importer.test.js",eos-lab,.js,3351,1970-01-01T00:00:00.000Z
"EOS-Lab/Canary-Alpha/tests/contact-support-dispatcher.test.js",eos-lab,.js,4197,1970-01-01T00:00:00.000Z
"EOS-Lab/Canary-Alpha/tests/csv-tabular-data-uploader.test.js",eos-lab,.js,3133,1970-01-01T00:00:00.000Z
"EOS-Lab/Canary-Alpha/tests/diagnostic-reporter.test.js",eos-lab,.js,3860,1970-01-01T00:00:00.000Z
"EOS-Lab/Canary-Alpha/tests/webhook-payload-dispatcher.test.js",eos-lab,.js,2219,1970-01-01T00:00:00.000Z
"EOS-Lab/Canary-Real-001/src/components/HeroConversionHeader.js",eos-lab,.js,1305,1970-01-01T00:00:00.000Z
"EOS-Lab/Canary-Real-001/src/components/LiveQuoteCalculator.js",eos-lab,.js,2555,1970-01-01T00:00:00.000Z
"EOS-Lab/Canary-Real-001/src/components/StepQualificationForm.js",eos-lab,.js,3043,1970-01-01T00:00:00.000Z
"EOS-Lab/Canary-Real-001/src/components/TelemetryEngine.js",eos-lab,.js,4305,1970-01-01T00:00:00.000Z
"EOS-Lab/Canary-Real-001/src/components/TrustProofSection.js",eos-lab,.js,2208,1970-01-01T00:00:00.000Z
"EOS-Lab/Canary-Real-001/src/components/WhatsAppPayloadDispatcher.js",eos-lab,.js,1165,1970-01-01T00:00:00.000Z
"EOS-Lab/Canary-Real-001/src/index.html",eos-lab,.html,14472,1970-01-01T00:00:00.000Z
"EOS-Lab/Canary-Real-001/src/styles/remodelaciones.css",eos-lab,.css,7118,1970-01-01T00:00:00.000Z
"EOS-Lab/FlowDesk/flowdesk.db",eos-lab,.db,4096,1970-01-01T00:00:00.000Z
"EOS-Lab/FlowDesk/flowdesk.db-shm",eos-lab,.db-shm,32768,1970-01-01T00:00:00.000Z
"EOS-Lab/FlowDesk/flowdesk.db-wal",eos-lab,.db-wal,115392,1970-01-01T00:00:00.000Z
"EOS-Lab/FlowDesk/package-lock.json",eos-lab,.json,64426,1970-01-01T00:00:00.000Z
"EOS-Lab/FlowDesk/package.json",eos-lab,.json,486,1970-01-01T00:00:00.000Z
"EOS-Lab/FlowDesk/src/db/database.ts",eos-lab,.ts,1688,1970-01-01T00:00:00.000Z
"EOS-Lab/FlowDesk/src/index.ts",eos-lab,.ts,4767,1970-01-01T00:00:00.000Z
"EOS-Lab/FlowDesk/src/services/authService.ts",eos-lab,.ts,1609,1970-01-01T00:00:00.000Z
"EOS-Lab/FlowDesk/src/services/leadService.ts",eos-lab,.ts,4207,1970-01-01T00:00:00.000Z
"EOS-Lab/FlowDesk/src/views/dashboard.ts",eos-lab,.ts,10217,1970-01-01T00:00:00.000Z
"EOS-Lab/FlowDesk/src/views/layout.ts",eos-lab,.ts,4042,1970-01-01T00:00:00.000Z
"EOS-Lab/FlowDesk/src/views/login.ts",eos-lab,.ts,1779,1970-01-01T00:00:00.000Z
"EOS-Lab/FlowDesk/test_concurrency.db",eos-lab,.db,40960,1970-01-01T00:00:00.000Z
"EOS-Lab/FlowDesk/tests/concurrency/concurrency.test.ts",eos-lab,.ts,1810,1970-01-01T00:00:00.000Z
"EOS-Lab/FlowDesk/tests/unit/leadService.test.ts",eos-lab,.ts,2335,1970-01-01T00:00:00.000Z
"EOS-Lab/FlowDesk/tsconfig.json",eos-lab,.json,266,1970-01-01T00:00:00.000Z
"EOS-Lab/FlowDesk/vitest.config.ts",eos-lab,.ts,206,1970-01-01T00:00:00.000Z
"EOS-Lab/Polyglot-Rust-Wasm/Cargo.toml",eos-lab,.toml,277,1970-01-01T00:00:00.000Z
"EOS-Lab/Polyglot-Rust-Wasm/src/lib.rs",eos-lab,.rs,1814,1970-01-01T00:00:00.000Z
"EOS-Lab/Sonrisa-Nova/.astro/content-assets.mjs",eos-lab,.mjs,25,1970-01-01T00:00:00.000Z
"EOS-Lab/Sonrisa-Nova/.astro/content-modules.mjs",eos-lab,.mjs,25,1970-01-01T00:00:00.000Z
"EOS-Lab/Sonrisa-Nova/.astro/content.d.ts",eos-lab,.ts,6944,1970-01-01T00:00:00.000Z
"EOS-Lab/Sonrisa-Nova/.astro/types.d.ts",eos-lab,.ts,76,1970-01-01T00:00:00.000Z
"EOS-Lab/Sonrisa-Nova/astro.config.mjs",eos-lab,.mjs,99,1970-01-01T00:00:00.000Z
"EOS-Lab/Sonrisa-Nova/package-lock.json",eos-lab,.json,195914,1970-01-01T00:00:00.000Z
"EOS-Lab/Sonrisa-Nova/package.json",eos-lab,.json,243,1970-01-01T00:00:00.000Z
"EOS-Lab/Sonrisa-Nova/src/components/EvaluationForm.astro",eos-lab,.astro,5774,1970-01-01T00:00:00.000Z
"EOS-Lab/Sonrisa-Nova/src/components/Faq.astro",eos-lab,.astro,2684,1970-01-01T00:00:00.000Z
"EOS-Lab/Sonrisa-Nova/src/components/Footer.astro",eos-lab,.astro,2027,1970-01-01T00:00:00.000Z
"EOS-Lab/Sonrisa-Nova/src/components/Header.astro",eos-lab,.astro,2195,1970-01-01T00:00:00.000Z
"EOS-Lab/Sonrisa-Nova/src/components/Hero.astro",eos-lab,.astro,3529,1970-01-01T00:00:00.000Z
"EOS-Lab/Sonrisa-Nova/src/components/Location.astro",eos-lab,.astro,1631,1970-01-01T00:00:00.000Z
"EOS-Lab/Sonrisa-Nova/src/components/Team.astro",eos-lab,.astro,2659,1970-01-01T00:00:00.000Z
"EOS-Lab/Sonrisa-Nova/src/components/Technology.astro",eos-lab,.astro,2078,1970-01-01T00:00:00.000Z
"EOS-Lab/Sonrisa-Nova/src/components/Testimonials.astro",eos-lab,.astro,2599,1970-01-01T00:00:00.000Z
"EOS-Lab/Sonrisa-Nova/src/components/Treatments.astro",eos-lab,.astro,3139,1970-01-01T00:00:00.000Z
"EOS-Lab/Sonrisa-Nova/src/components/ValueProp.astro",eos-lab,.astro,3700,1970-01-01T00:00:00.000Z
"EOS-Lab/Sonrisa-Nova/src/layouts/Layout.astro",eos-lab,.astro,1239,1970-01-01T00:00:00.000Z
"EOS-Lab/Sonrisa-Nova/src/pages/index.astro",eos-lab,.astro,927,1970-01-01T00:00:00.000Z
"EOS-Lab/Sonrisa-Nova/src/styles/global.css",eos-lab,.css,2276,1970-01-01T00:00:00.000Z
"EOS-Lab/Sonrisa-Nova/tsconfig.json",eos-lab,.json,42,1970-01-01T00:00:00.000Z
"EOS-MISSION-CONTROL/ACTIVE_AGENTS.json",mission-control,.json,1076,1970-01-01T00:00:00.000Z
"EOS-MISSION-CONTROL/ACTIVE_TOOLS.json",mission-control,.json,2896,1970-01-01T00:00:00.000Z
"EOS-MISSION-CONTROL/BUDGET.json",mission-control,.json,315,1970-01-01T00:00:00.000Z
"EOS-MISSION-CONTROL/CURRENT_MISSION.json",mission-control,.json,961,1970-01-01T00:00:00.000Z
"EOS-MISSION-CONTROL/CURRENT_STATE.json",mission-control,.json,508,1970-01-01T00:00:00.000Z
"EOS-MISSION-CONTROL/DECISIONS.json",mission-control,.json,618,1970-01-01T00:00:00.000Z
"EOS-MISSION-CONTROL/EVIDENCE_STREAM.json",mission-control,.json,621,1970-01-01T00:00:00.000Z
"EOS-MISSION-CONTROL/INCIDENTS.json",mission-control,.json,200,1970-01-01T00:00:00.000Z
"EOS-MISSION-CONTROL/RISK.json",mission-control,.json,466,1970-01-01T00:00:00.000Z
"Luxe-Registry/package.json",luxe-registry,.json,366,1970-01-01T00:00:00.000Z
"Luxe-Registry/src/domain/registryEngine.js",luxe-registry,.js,7193,1970-01-01T00:00:00.000Z
"Luxe-Registry/src/server.js",luxe-registry,.js,5424,1970-01-01T00:00:00.000Z
"Luxe-Registry/tests/luxeRegistry.test.js",luxe-registry,.js,5320,1970-01-01T00:00:00.000Z
"Multimodal-Creative-Suite/package.json",multimodal,.json,373,1970-01-01T00:00:00.000Z
"Multimodal-Creative-Suite/src/domain/creativeEngine.js",multimodal,.js,8768,1970-01-01T00:00:00.000Z
"Multimodal-Creative-Suite/src/server.js",multimodal,.js,4024,1970-01-01T00:00:00.000Z
"Multimodal-Creative-Suite/tests/multimodalCreative.test.js",multimodal,.js,3850,1970-01-01T00:00:00.000Z
"RC_FILE_MANIFEST.json",root-other,.json,10957,1970-01-01T00:00:00.000Z
"bin/eos.js",bin,.js,557,1970-01-01T00:00:00.000Z
"docs/adapters/ADAPTER_CAPABILITY_MATRIX.json",docs,.json,1391,1970-01-01T00:00:00.000Z
"docs/adapters/REAL_PROVIDER_ADAPTER_CONTRACT.md",docs,.md,3858,1970-01-01T00:00:00.000Z
"docs/adapters/REGISTRY.json",docs,.json,5121,1970-01-01T00:00:00.000Z
"docs/adapters/schema.json",docs,.json,486,1970-01-01T00:00:00.000Z
"docs/agents/AGENT_COUNCIL.json",docs,.json,1726,1970-01-01T00:00:00.000Z
"docs/agents/REGISTRY.json",docs,.json,7507,1970-01-01T00:00:00.000Z
"docs/agents/SELECTION_ENGINE.json",docs,.json,1201,1970-01-01T00:00:00.000Z
"docs/agents/TEAM_COMPOSITION.json",docs,.json,1066,1970-01-01T00:00:00.000Z
"docs/architecture/AUTONOMOUS_ENGINEERING_FACTORY_PROVING.md",docs,.md,2677,1970-01-01T00:00:00.000Z
"docs/architecture/AUTONOMOUS_ENGINEERING_MISSION_ENGINE.md",docs,.md,2863,1970-01-01T00:00:00.000Z
"docs/architecture/AUTONOMOUS_ENGINEERING_OPERATING_LOOP.md",docs,.md,3009,1970-01-01T00:00:00.000Z
"docs/architecture/AUTONOMOUS_EXECUTION_RUNTIME.md",docs,.md,2445,1970-01-01T00:00:00.000Z
"docs/architecture/AUTONOMOUS_SELF_EVOLUTION_ENGINE.md",docs,.md,2660,1970-01-01T00:00:00.000Z
"docs/architecture/CAPABILITY_INTELLIGENCE_ENGINE.md",docs,.md,2143,1970-01-01T00:00:00.000Z
"docs/architecture/ENGINEERING_FACTORY.md",docs,.md,2816,1970-01-01T00:00:00.000Z
"docs/architecture/EOS_MASTER_ROADMAP_NEXT_90_PERCENT.md",docs,.md,4616,1970-01-01T00:00:00.000Z
"docs/architecture/EOS_MATURITY_AND_VISION_DASHBOARD.md",docs,.md,2874,1970-01-01T00:00:00.000Z
"docs/architecture/EOS_PHASE_II_CAPABILITY_COVERAGE_MATRIX.md",docs,.md,4697,1970-01-01T00:00:00.000Z
"docs/architecture/EOS_UNIVERSAL_CAPABILITY_PLANE_ARCHITECTURE.md",docs,.md,4143,1970-01-01T00:00:00.000Z
"docs/architecture/EOS_UNIVERSAL_CAPABILITY_PLANE_SPECIFICATION.md",docs,.md,13108,1970-01-01T00:00:00.000Z
"docs/architecture/EOS_UNIVERSAL_OPERATING_SYSTEM_MASTER_DOCUMENT.md",docs,.md,4593,1970-01-01T00:00:00.000Z
"docs/architecture/ROLLBACK_STRATEGY.md",docs,.md,1339,1970-01-01T00:00:00.000Z
"docs/architecture/TOOL_AGNOSTIC_ARCHITECTURE.md",docs,.md,2512,1970-01-01T00:00:00.000Z
"docs/architecture/adrs/ADR-0001-eos-workspace-initialization.md",docs,.md,1449,1970-01-01T00:00:00.000Z
"docs/architecture/adrs/ADR-0002-autonomous-control-plane-architecture.md",docs,.md,3220,1970-01-01T00:00:00.000Z
"docs/architecture/adrs/ADR-0002-luxe-registry-architecture.md",docs,.md,4849,1970-01-01T00:00:00.000Z
"docs/architecture/adrs/ADR-0003-flowdesk-stack-and-architecture.md",docs,.md,3536,1970-01-01T00:00:00.000Z
"docs/architecture/adrs/ADR-0004-relayhub-architecture-and-stack.md",docs,.md,3316,1970-01-01T00:00:00.000Z
"docs/architecture/adrs/ADR-0005-eos-core-self-hosting-architecture.md",docs,.md,3048,1970-01-01T00:00:00.000Z
"docs/architecture/adrs/ADR-0006-multimodal-creative-architecture.md",docs,.md,5415,1970-01-01T00:00:00.000Z
"docs/architecture/adrs/ADR-0007-research-intelligence-architecture.md",docs,.md,5881,1970-01-01T00:00:00.000Z
"docs/architecture/adrs/ADR-0008-value-driven-ui-architecture-and-friction-reduction.md",docs,.md,1760,1970-01-01T00:00:00.000Z
"docs/audits/CANARY_F001_INDEPENDENT_REVIEW.md",docs,.md,1944,1970-01-01T00:00:00.000Z
"docs/audits/CANARY_F001_PREDICTIVE_TRANSFER_REPORT.md",docs,.md,3885,1970-01-01T00:00:00.000Z
"docs/audits/CANARY_I001_COMPOSITION_REPORT.md",docs,.md,2822,1970-01-01T00:00:00.000Z
"docs/audits/CANARY_I001_INDEPENDENT_REVIEW.md",docs,.md,2075,1970-01-01T00:00:00.000Z
"docs/audits/CANARY_I001_TRANSVERSAL_INDEPENDENT_REVIEW.md",docs,.md,1328,1970-01-01T00:00:00.000Z
"docs/audits/CANARY_J001_COMPOSITION_REPLICATION_REPORT.md",docs,.md,3194,1970-01-01T00:00:00.000Z
"docs/audits/CANARY_J001_INDEPENDENT_REVIEW.md",docs,.md,2072,1970-01-01T00:00:00.000Z
"docs/audits/CANARY_M001_INDEPENDENT_REVIEW.md",docs,.md,6293,1970-01-01T00:00:00.000Z
"docs/audits/CANARY_M002_INDEPENDENT_REVIEW.md",docs,.md,2616,1970-01-01T00:00:00.000Z
"docs/audits/CANARY_M002_REPORT.md",docs,.md,4058,1970-01-01T00:00:00.000Z
"docs/audits/CANARY_M003_INDEPENDENT_REVIEW.md",docs,.md,3020,1970-01-01T00:00:00.000Z
"docs/audits/CANARY_M003_REPORT.md",docs,.md,3898,1970-01-01T00:00:00.000Z
"docs/audits/CANARY_MISSION_001_REPORT.md",docs,.md,8745,1970-01-01T00:00:00.000Z
"docs/audits/CANARY_REAL_001_TECHNICAL_VALIDATION_AUDIT.md",docs,.md,6815,1970-01-01T00:00:00.000Z
"docs/audits/CANARY_TRIANGULATION_AND_BKM_PROMOTION.md",docs,.md,14018,1970-01-01T00:00:00.000Z
"docs/audits/EOS_ADAPTIVE_ADVERSARY_AND_META_EVALUATION_AUDIT.md",docs,.md,3499,1970-01-01T00:00:00.000Z
"docs/audits/EOS_AUTONOMOUS_ECOSYSTEM_MANAGER_AND_META_OPTIMIZATION_AUDIT.md",docs,.md,4824,1970-01-01T00:00:00.000Z
"docs/audits/EOS_AUTONOMOUS_TOOL_DISCOVERY_PROGRAM_AUDIT.md",docs,.md,3008,1970-01-01T00:00:00.000Z
"docs/audits/EOS_AUTONOMY_GRADUATION_AUDIT.md",docs,.md,4577,1970-01-01T00:00:00.000Z
"docs/audits/EOS_CLIENT_TRIANGULATION_AUDIT.md",docs,.md,4376,1970-01-01T00:00:00.000Z
"docs/audits/EOS_COGNITIVE_EXECUTION_FABRIC_AUDIT.md",docs,.md,4164,1970-01-01T00:00:00.000Z
"docs/audits/EOS_COGNITIVE_FABRIC_EVALUATION_AUDIT.md",docs,.md,5011,1970-01-01T00:00:00.000Z
"docs/audits/EOS_COGNITIVE_FABRIC_GENERALIZATION_AUDIT.md",docs,.md,4196,1970-01-01T00:00:00.000Z
"docs/audits/EOS_CONTINUOUS_CHANGE_OPERATIONS_AUDIT.md",docs,.md,4091,1970-01-01T00:00:00.000Z
"docs/audits/EOS_CORE_ROADMAP_COMPLETION_SUMMARY.md",docs,.md,5918,1970-01-01T00:00:00.000Z
"docs/audits/EOS_CURRENT_STATE_AUDIT.md",docs,.md,6570,1970-01-01T00:00:00.000Z
"docs/audits/EOS_CURSOR_COMMAND_CENTER_INTEGRATION_REPORT.md",docs,.md,4874,1970-01-01T00:00:00.000Z
"docs/audits/EOS_DETAILED_STATUS_REPORT_2026_08_14.md",docs,.md,9048,1970-01-01T00:00:00.000Z
"docs/audits/EOS_ELITE_PLATFORM_ENGINEERING_AUDIT.md",docs,.md,4809,1970-01-01T00:00:00.000Z
"docs/audits/EOS_EXECUTIVE_ARBITRATION_AND_META_REASONING_AUDIT.md",docs,.md,2578,1970-01-01T00:00:00.000Z
"docs/audits/EOS_EXECUTIVE_END_TO_END_001_AUDIT.md",docs,.md,4418,1970-01-01T00:00:00.000Z
"docs/audits/EOS_EXECUTIVE_GENERALIZATION_001_AUDIT.md",docs,.md,3942,1970-01-01T00:00:00.000Z
"docs/audits/EOS_EXPERIENCE_LEARNING_AND_EFFORT_BUDGET_AUDIT.md",docs,.md,2575,1970-01-01T00:00:00.000Z
"docs/audits/EOS_EXTERNAL_PRODUCT_FACTORY_PILOT_AUDIT.md",docs,.md,4363,1970-01-01T00:00:00.000Z
"docs/audits/EOS_FINAL_VERIFIER_V1_3_0_INDEPENDENT_AUDIT.md",docs,.md,5200,1970-01-01T00:00:00.000Z
"docs/audits/EOS_FORENSIC_AUDIT_REPORT.md",docs,.md,4338,1970-01-01T00:00:00.000Z
"docs/audits/EOS_FORENSIC_COMPLEXITY.json",docs,.json,358,1970-01-01T00:00:00.000Z
"docs/audits/EOS_FORENSIC_CONTRADICTIONS.json",docs,.json,779,1970-01-01T00:00:00.000Z
"docs/audits/EOS_FORENSIC_EVIDENCE.json",docs,.json,997,1970-01-01T00:00:00.000Z
"docs/audits/EOS_FORENSIC_FINDINGS.json",docs,.json,1853,1970-01-01T00:00:00.000Z
"docs/audits/EOS_FORENSIC_INVARIANTS.json",docs,.json,1050,1970-01-01T00:00:00.000Z
"docs/audits/EOS_FORENSIC_READINESS.json",docs,.json,587,1970-01-01T00:00:00.000Z
"docs/audits/EOS_FORENSIC_REDUNDANCY.json",docs,.json,793,1970-01-01T00:00:00.000Z
"docs/audits/EOS_FOUNDATIONAL_CONTEXT_AUDIT.md",docs,.md,6694,1970-01-01T00:00:00.000Z
"docs/audits/EOS_FRONTIER_EVALUATION_AND_RED_TEAM_AUDIT.md",docs,.md,5264,1970-01-01T00:00:00.000Z
"docs/audits/EOS_FRONTIER_REALISM_AND_UNSEEN_ATTACKS_AUDIT.md",docs,.md,3700,1970-01-01T00:00:00.000Z
"docs/audits/EOS_GRAPH_INTELLIGENCE_PROGRAM_AUDIT.md",docs,.md,3814,1970-01-01T00:00:00.000Z
"docs/audits/EOS_INDEPENDENT_OPERATIONAL_EVIDENCE_AUDIT.md",docs,.md,4437,1970-01-01T00:00:00.000Z
"docs/audits/EOS_ISOLATION_INVARIANT_REGRESSION_AND_GOVERNANCE_CLOSURE.md",docs,.md,3958,1970-01-01T00:00:00.000Z
"docs/audits/EOS_LEARNING_ROBUSTNESS_AND_CONTEXTUAL_PORTFOLIO_AUDIT.md",docs,.md,3630,1970-01-01T00:00:00.000Z
"docs/audits/EOS_LEARNING_VALIDITY_AND_CAUSALITY_AUDIT.md",docs,.md,4681,1970-01-01T00:00:00.000Z
"docs/audits/EOS_LEVEL_3_MULTI_FIXTURE_AUDIT.md",docs,.md,6280,1970-01-01T00:00:00.000Z
"docs/audits/EOS_LEVEL_3_MULTI_FIXTURE_AUDIT_V2.md",docs,.md,6472,1970-01-01T00:00:00.000Z
"docs/audits/EOS_LONGITUDINAL_EVIDENCE_AUDIT.md",docs,.md,4251,1970-01-01T00:00:00.000Z
"docs/audits/EOS_LONGITUDINAL_REAL_OPERATION_AUDIT.md",docs,.md,4121,1970-01-01T00:00:00.000Z
"docs/audits/EOS_LONG_RUN_INDEPENDENT_OPERATION_AUDIT.md",docs,.md,5793,1970-01-01T00:00:00.000Z
"docs/audits/EOS_MASTER_GAP_REGISTER.json",docs,.json,8744,1970-01-01T00:00:00.000Z
"docs/audits/EOS_MASTER_GAP_REGISTER.md",docs,.md,3327,1970-01-01T00:00:00.000Z
"docs/audits/EOS_MASTER_OPERATIONAL_AUDIT_2026_08_14.md",docs,.md,4398,1970-01-01T00:00:00.000Z
"docs/audits/EOS_MEMORY_INTEGRITY_AND_NEGATIVE_LEARNING_AUDIT.md",docs,.md,3929,1970-01-01T00:00:00.000Z
"docs/audits/EOS_META_LEARNING_AND_CLOSED_LOOP_IMPROVEMENT_AUDIT.md",docs,.md,4240,1970-01-01T00:00:00.000Z
"docs/audits/EOS_MISSION_CONTROL_AND_PRODUCTION_PILOT_AUDIT.md",docs,.md,4169,1970-01-01T00:00:00.000Z
"docs/audits/EOS_OPERATIONALIZATION_PROGRAM_AUDIT.md",docs,.md,4169,1970-01-01T00:00:00.000Z
"docs/audits/EOS_OPERATIONAL_RECONNAISSANCE_2026_08_14.md",docs,.md,2986,1970-01-01T00:00:00.000Z
"docs/audits/EOS_PHASE_10_CONTROL_PLANE_HARDENING.md",docs,.md,5448,1970-01-01T00:00:00.000Z
"docs/audits/EOS_PHASE_11_ENGINEERING_INTELLIGENCE.md",docs,.md,4280,1970-01-01T00:00:00.000Z
"docs/audits/EOS_PHASE_12_AUTONOMOUS_ENGINEERING_FACTORY.md",docs,.md,5286,1970-01-01T00:00:00.000Z
"docs/audits/EOS_PHASE_13_TOOL_AGNOSTIC_ARCHITECTURE.md",docs,.md,4702,1970-01-01T00:00:00.000Z
"docs/audits/EOS_PHASE_14_CAPABILITY_INTELLIGENCE.md",docs,.md,6452,1970-01-01T00:00:00.000Z
"docs/audits/EOS_PHASE_15_AUTONOMOUS_EXECUTION_RUNTIME.md",docs,.md,6121,1970-01-01T00:00:00.000Z
"docs/audits/EOS_PHASE_16_AUTONOMOUS_MISSION_SIMULATION.md",docs,.md,5269,1970-01-01T00:00:00.000Z
"docs/audits/EOS_PHASE_17_ENGINEERING_FACTORY.md",docs,.md,4975,1970-01-01T00:00:00.000Z
"docs/audits/EOS_PHASE_18_END_TO_END_MISSION_PROVING.md",docs,.md,5179,1970-01-01T00:00:00.000Z
"docs/audits/EOS_PHASE_19_AUTONOMOUS_SELF_EVALUATION.md",docs,.md,5528,1970-01-01T00:00:00.000Z
"docs/audits/EOS_PHASE_1_SELF_AUDIT.md",docs,.md,13141,1970-01-01T00:00:00.000Z
"docs/audits/EOS_PHASE_20_AUTONOMOUS_ENGINEERING_OPERATING_LOOP.md",docs,.md,6040,1970-01-01T00:00:00.000Z
"docs/audits/EOS_PHASE_21_AUTONOMOUS_RELEASE_GOVERNANCE.md",docs,.md,5280,1970-01-01T00:00:00.000Z
"docs/audits/EOS_PHASE_22_ADVERSARIAL_RESILIENCE.md",docs,.md,4969,1970-01-01T00:00:00.000Z
"docs/audits/EOS_PHASE_24_INDEPENDENT_VALIDATION.md",docs,.md,3298,1970-01-01T00:00:00.000Z
"docs/audits/EOS_PHASE_26_REAL_PROJECT_DISCOVERY.md",docs,.md,2635,1970-01-01T00:00:00.000Z
"docs/audits/EOS_PHASE_28_ECOSYSTEM_BENCHMARK.md",docs,.md,4019,1970-01-01T00:00:00.000Z
"docs/audits/EOS_PHASE_29_AGENTIC_INTEGRATION.md",docs,.md,3893,1970-01-01T00:00:00.000Z
"docs/audits/EOS_PHASE_2_1_VERIFICATION_OF_VERIFICATION.md",docs,.md,5661,1970-01-01T00:00:00.000Z
"docs/audits/EOS_PHASE_2_GOVERNANCE_HARDENING.md",docs,.md,4501,1970-01-01T00:00:00.000Z
"docs/audits/EOS_PHASE_30_CONTROLLED_IMPLEMENTATION.md",docs,.md,3019,1970-01-01T00:00:00.000Z
"docs/audits/EOS_PHASE_30_REAL_PROJECT_PROPOSAL.md",docs,.md,2232,1970-01-01T00:00:00.000Z
"docs/audits/EOS_PHASE_31_EXTERNAL_PRODUCT_VALIDATION.md",docs,.md,2816,1970-01-01T00:00:00.000Z
"docs/audits/EOS_PHASE_32_BROWSER_RUNTIME_VALIDATION.md",docs,.md,2649,1970-01-01T00:00:00.000Z
"docs/audits/EOS_PHASE_33_AUTONOMOUS_REMEDIATION.md",docs,.md,2181,1970-01-01T00:00:00.000Z
"docs/audits/EOS_PHASE_34_POST_REMEDIATION_REVALIDATION.md",docs,.md,2170,1970-01-01T00:00:00.000Z
"docs/audits/EOS_PHASE_35_EXP_035_001_SONRISA_NOVA.md",docs,.md,2399,1970-01-01T00:00:00.000Z
"docs/audits/EOS_PHASE_36_EXP_036_001_FLOWDESK.md",docs,.md,2377,1970-01-01T00:00:00.000Z
"docs/audits/EOS_PHASE_38_EXP_038_001_SELF_HOSTING.md",docs,.md,2685,1970-01-01T00:00:00.000Z
"docs/audits/EOS_PHASE_3_ORCHESTRATION.md",docs,.md,5282,1970-01-01T00:00:00.000Z
"docs/audits/EOS_PHASE_4_FOUNDATION_INTAKE.md",docs,.md,6890,1970-01-01T00:00:00.000Z
"docs/audits/EOS_PHASE_5_PRODUCT_OWNER_DECISION.md",docs,.md,4927,1970-01-01T00:00:00.000Z
"docs/audits/EOS_PHASE_6_TECHNICAL_AUDIT.md",docs,.md,6937,1970-01-01T00:00:00.000Z
"docs/audits/EOS_PHASE_7_REMEDIATION.md",docs,.md,5355,1970-01-01T00:00:00.000Z
"docs/audits/EOS_PHASE_8_RELEASE_READINESS.md",docs,.md,6937,1970-01-01T00:00:00.000Z
"docs/audits/EOS_PHASE_9_STAGING_PREVIEW.md",docs,.md,4983,1970-01-01T00:00:00.000Z
"docs/audits/EOS_PHASE_II_LEVEL_2_INDEPENDENT_AUDIT.md",docs,.md,5581,1970-01-01T00:00:00.000Z
"docs/audits/EOS_PHASE_II_LEVEL_3_PILOT_AUDIT.md",docs,.md,5023,1970-01-01T00:00:00.000Z
"docs/audits/EOS_PHASE_II_LEVEL_3_REAL_PILOT_AUDIT.md",docs,.md,5241,1970-01-01T00:00:00.000Z
"docs/audits/EOS_PHASE_II_LUXE_REGISTRY_COMPLETION_AUDIT.md",docs,.md,2227,1970-01-01T00:00:00.000Z
"docs/audits/EOS_PHASE_II_LUXE_REGISTRY_KNOWLEDGE_EXTRACTION_AUDIT.md",docs,.md,3065,1970-01-01T00:00:00.000Z
"docs/audits/EOS_PHASE_II_MULTIMODAL_CREATIVE_COMPLETION_AUDIT.md",docs,.md,2979,1970-01-01T00:00:00.000Z
"docs/audits/EOS_PHASE_II_MULTIMODAL_CREATIVE_KNOWLEDGE_EXTRACTION_AUDIT.md",docs,.md,5104,1970-01-01T00:00:00.000Z
"docs/audits/EOS_PRODUCTION_READINESS_REVIEW_AUDIT.md",docs,.md,4313,1970-01-01T00:00:00.000Z
"docs/audits/EOS_PRODUCT_FACTORY_SCALE_AUDIT.md",docs,.md,4368,1970-01-01T00:00:00.000Z
"docs/audits/EOS_REAL_CLIENT_PILOT_AUDIT.md",docs,.md,4563,1970-01-01T00:00:00.000Z
"docs/audits/EOS_REAL_CLIENT_REPLICATION_AUDIT.md",docs,.md,4095,1970-01-01T00:00:00.000Z
"docs/audits/EOS_REAL_OPERATIONAL_CAMPAIGN_AUDIT.md",docs,.md,4734,1970-01-01T00:00:00.000Z
"docs/audits/EOS_REAL_WORLD_AUTONOMY_PILOT_AUDIT.md",docs,.md,3852,1970-01-01T00:00:00.000Z
"docs/audits/EOS_REAL_WORLD_VALIDATION_PROGRAM_AUDIT.md",docs,.md,4067,1970-01-01T00:00:00.000Z
"docs/audits/EOS_RESTRICTED_AUTONOMY_OPERATIONS_AUDIT.md",docs,.md,4641,1970-01-01T00:00:00.000Z
"docs/audits/EOS_SPEC_DRIVEN_PRODUCT_LOOP_AUDIT.md",docs,.md,4830,1970-01-01T00:00:00.000Z
"docs/audits/EOS_STEP_10_EMPIRICAL_BASELINE_AUDIT.md",docs,.md,4797,1970-01-01T00:00:00.000Z
"docs/audits/EOS_STEP_11_SELF_HOSTING_AUDIT.md",docs,.md,7176,1970-01-01T00:00:00.000Z
"docs/audits/EOS_STEP_1_IMPLEMENTATION_AUDIT.md",docs,.md,2820,1970-01-01T00:00:00.000Z
"docs/audits/EOS_STEP_2_IMPLEMENTATION_AUDIT.md",docs,.md,3496,1970-01-01T00:00:00.000Z
"docs/audits/EOS_STEP_3_IMPLEMENTATION_AUDIT.md",docs,.md,3622,1970-01-01T00:00:00.000Z
"docs/audits/EOS_STEP_4_IMPLEMENTATION_AUDIT.md",docs,.md,3907,1970-01-01T00:00:00.000Z
"docs/audits/EOS_STEP_5_IMPLEMENTATION_AUDIT.md",docs,.md,3705,1970-01-01T00:00:00.000Z
"docs/audits/EOS_STEP_6_IMPLEMENTATION_AUDIT.md",docs,.md,4524,1970-01-01T00:00:00.000Z
"docs/audits/EOS_STEP_7_IMPLEMENTATION_AUDIT.md",docs,.md,4065,1970-01-01T00:00:00.000Z
"docs/audits/EOS_STEP_8_IMPLEMENTATION_AUDIT.md",docs,.md,3813,1970-01-01T00:00:00.000Z
"docs/audits/EOS_STEP_9_NEGATIVE_SECURITY_AUDIT.md",docs,.md,8316,1970-01-01T00:00:00.000Z
"docs/audits/EOS_SUSTAINED_OPERATION_AND_PRODUCT_FACTORY_AUDIT.md",docs,.md,4071,1970-01-01T00:00:00.000Z
"docs/audits/EOS_SYSTEM_AUDIT_EVIDENCE.json",docs,.json,701,1970-01-01T00:00:00.000Z
"docs/audits/EOS_SYSTEM_AUDIT_FINDINGS.json",docs,.json,2571,1970-01-01T00:00:00.000Z
"docs/audits/EOS_SYSTEM_AUDIT_REPORT.md",docs,.md,8056,1970-01-01T00:00:00.000Z
"docs/audits/EOS_SYSTEM_COMPLEXITY_AUDIT.json",docs,.json,502,1970-01-01T00:00:00.000Z
"docs/audits/EOS_SYSTEM_CONTRADICTIONS.json",docs,.json,968,1970-01-01T00:00:00.000Z
"docs/audits/EOS_SYSTEM_EVIDENCE_AUDIT.json",docs,.json,2908,1970-01-01T00:00:00.000Z
"docs/audits/EOS_SYSTEM_GOVERNANCE_MATRIX.json",docs,.json,1002,1970-01-01T00:00:00.000Z
"docs/audits/EOS_SYSTEM_INVARIANTS.json",docs,.json,1891,1970-01-01T00:00:00.000Z
"docs/audits/EOS_SYSTEM_READINESS_ASSESSMENT.json",docs,.json,826,1970-01-01T00:00:00.000Z
"docs/audits/EOS_SYSTEM_SECURITY_AUDIT.json",docs,.json,721,1970-01-01T00:00:00.000Z
"docs/audits/EOS_SYSTEM_STATE_MACHINE_AUDIT.json",docs,.json,1053,1970-01-01T00:00:00.000Z
"docs/audits/EOS_VERIFIER_CHANGE_LOG.md",docs,.md,2152,1970-01-01T00:00:00.000Z
"docs/audits/EOS_VERIFIER_EVOLUTION_AUDIT_V2.md",docs,.md,5280,1970-01-01T00:00:00.000Z
"docs/audits/INDEPENDENT_L3_ENTRY_AUDIT.md",docs,.md,8000,1970-01-01T00:00:00.000Z
"docs/audits/L3_ENTRY_AUDIT.md",docs,.md,6534,1970-01-01T00:00:00.000Z
"docs/audits/PHASE_G_PREDICTION_CALIBRATION_AND_KNOWLEDGE_GOVERNANCE.md",docs,.md,4837,1970-01-01T00:00:00.000Z
"docs/audits/PHASE_H_MULTI_BKM_COMPOSITION_READINESS.md",docs,.md,5053,1970-01-01T00:00:00.000Z
"docs/audits/PHASE_K_COMPOSITION_POLICY_AND_ADAPTIVE_STRATEGY.md",docs,.md,3791,1970-01-01T00:00:00.000Z
"docs/audits/PHASE_L_ADAPTIVE_STRATEGY_AND_BLIND_GENERALIZATION.md",docs,.md,3235,1970-01-01T00:00:00.000Z
"docs/audits/PHASE_L_INDEPENDENT_REVIEW.md",docs,.md,1500,1970-01-01T00:00:00.000Z
"docs/audits/PHASE_M_CROSS_PROJECT_TRANSFER_AUDIT.md",docs,.md,2945,1970-01-01T00:00:00.000Z
"docs/audits/PHASE_M_INDEPENDENT_REVIEW.md",docs,.md,1239,1970-01-01T00:00:00.000Z
"docs/audits/PHASE_N_INDEPENDENT_REVIEW.md",docs,.md,1455,1970-01-01T00:00:00.000Z
"docs/audits/PHASE_N_LONGITUDINAL_CHAOS_AND_RELIABILITY.md",docs,.md,3268,1970-01-01T00:00:00.000Z
"docs/audits/PHASE_P_INDEPENDENT_REVIEW.md",docs,.md,1472,1970-01-01T00:00:00.000Z
"docs/audits/PHASE_P_MASTER_FALSIFICATION_AUDIT.md",docs,.md,3833,1970-01-01T00:00:00.000Z
"docs/audits/PHASE_Q_AUTONOMY_GRADUATION_REPORT.md",docs,.md,3300,1970-01-01T00:00:00.000Z
"docs/audits/PHASE_Q_INDEPENDENT_REVIEW.md",docs,.md,1220,1970-01-01T00:00:00.000Z
"docs/audits/PRE_GAP002_READINESS_REPORT.md",docs,.md,7666,1970-01-01T00:00:00.000Z
"docs/audits/PRODUCTION_READINESS_EVIDENCE_PACKAGE.md",docs,.md,3725,1970-01-01T00:00:00.000Z
"docs/capabilities/REGISTRY.json",docs,.json,12456,1970-01-01T00:00:00.000Z
"docs/capabilities/schema.json",docs,.json,731,1970-01-01T00:00:00.000Z
"docs/core/CANONICAL_DOMAIN_MODEL.md",docs,.md,3511,1970-01-01T00:00:00.000Z
"docs/core/CONSTITUTION.md",docs,.md,6349,1970-01-01T00:00:00.000Z
"docs/core/EOS_CORE_MASTER_PLAN.md",docs,.md,4778,1970-01-01T00:00:00.000Z
"docs/core/EOS_CORE_MATURATION_STRATEGY.md",docs,.md,4802,1970-01-01T00:00:00.000Z
"docs/core/FOUNDATIONAL_CONTEXT.md",docs,.md,2776,1970-01-01T00:00:00.000Z
"docs/core/GOVERNANCE.md",docs,.md,3205,1970-01-01T00:00:00.000Z
"docs/core/PHASE_B_KNOWLEDGE_PLANE_DESIGN.md",docs,.md,7388,1970-01-01T00:00:00.000Z
"docs/core/PHASE_C_EVIDENCE_ENGINE_DESIGN.md",docs,.md,4998,1970-01-01T00:00:00.000Z
"docs/core/PHASE_D_GOVERNANCE_ENGINE_DESIGN.md",docs,.md,4603,1970-01-01T00:00:00.000Z
"docs/core/PHASE_E_DECISION_ENGINE_DESIGN.md",docs,.md,3829,1970-01-01T00:00:00.000Z
"docs/core/PHASE_F_SYNTHESIS_ENGINE_DESIGN.md",docs,.md,4003,1970-01-01T00:00:00.000Z
"docs/core/PHASE_G_DUAL_PATH_VALIDATION_DESIGN.md",docs,.md,4213,1970-01-01T00:00:00.000Z
"docs/core/PHASE_H_EXECUTION_ENGINE_DESIGN.md",docs,.md,5087,1970-01-01T00:00:00.000Z
"docs/core/PHASE_I_SELF_HOSTING_DESIGN.md",docs,.md,5251,1970-01-01T00:00:00.000Z
"docs/core/USER_VALUE_PLANE.md",docs,.md,5157,1970-01-01T00:00:00.000Z
"docs/core/WORLD_CLASS_ENGINEERING_PIPELINE.md",docs,.md,4226,1970-01-01T00:00:00.000Z
"docs/decisions/DECISION_GATE_L3_REAL_001.md",docs,.md,3747,1970-01-01T00:00:00.000Z
"docs/decisions/PO_DECISION_LEVEL_3_ELIGIBILITY_AND_EXECUTION_AUTHORIZATION.md",docs,.md,4837,1970-01-01T00:00:00.000Z
"docs/decisions/STRATEGY_DECISIONS/schema.json",docs,.json,1319,1970-01-01T00:00:00.000Z
"docs/evidence/EC-007-EVIDENCE.json",docs,.json,1589,1970-01-01T00:00:00.000Z
"docs/evidence/EC-008-EVIDENCE.json",docs,.json,2599,1970-01-01T00:00:00.000Z
"docs/evidence/EC-009-EVIDENCE.json",docs,.json,2280,1970-01-01T00:00:00.000Z
"docs/evidence/EOS_STEP_10_EMPIRICAL_BASELINE.json",docs,.json,14131,1970-01-01T00:00:00.000Z
"docs/evidence/EOS_STEP_11_SELF_HOSTING.json",docs,.json,932,1970-01-01T00:00:00.000Z
"docs/evidence/EOS_STEP_9_SECURITY_MATRIX.json",docs,.json,2431,1970-01-01T00:00:00.000Z
"docs/evidence/EVD-0001.json",docs,.json,1461,1970-01-01T00:00:00.000Z
"docs/evidence/EVD-0002.json",docs,.json,1306,1970-01-01T00:00:00.000Z
"docs/evidence/EVD-0003.json",docs,.json,1450,1970-01-01T00:00:00.000Z
"docs/evidence/EVD-0004.json",docs,.json,1413,1970-01-01T00:00:00.000Z
"docs/evidence/EVD-0005.json",docs,.json,2144,1970-01-01T00:00:00.000Z
"docs/evidence/EVD-0006.json",docs,.json,2035,1970-01-01T00:00:00.000Z
"docs/evidence/EVD-0007.json",docs,.json,2010,1970-01-01T00:00:00.000Z
"docs/evidence/EVD-0008.json",docs,.json,2108,1970-01-01T00:00:00.000Z
"docs/evidence/EVD-0009.json",docs,.json,2314,1970-01-01T00:00:00.000Z
"docs/evidence/EVD-0010.json",docs,.json,3065,1970-01-01T00:00:00.000Z
"docs/evidence/EVD-0011.json",docs,.json,2602,1970-01-01T00:00:00.000Z
"docs/evidence/EVD-0012.json",docs,.json,2532,1970-01-01T00:00:00.000Z
"docs/evidence/EVD-0013.json",docs,.json,2625,1970-01-01T00:00:00.000Z
"docs/evidence/EVD-0014.json",docs,.json,2750,1970-01-01T00:00:00.000Z
"docs/evidence/EVD-0015.json",docs,.json,2804,1970-01-01T00:00:00.000Z
"docs/evidence/EVD-0016.json",docs,.json,3616,1970-01-01T00:00:00.000Z
"docs/evidence/EVD-0017.json",docs,.json,2653,1970-01-01T00:00:00.000Z
"docs/evidence/EVD-0018.json",docs,.json,3009,1970-01-01T00:00:00.000Z
"docs/evidence/EVD-0019.json",docs,.json,2862,1970-01-01T00:00:00.000Z
"docs/evidence/EVD-0020.json",docs,.json,3306,1970-01-01T00:00:00.000Z
"docs/evidence/EVD-0021.json",docs,.json,3500,1970-01-01T00:00:00.000Z
"docs/evidence/EVD-0022.json",docs,.json,3154,1970-01-01T00:00:00.000Z
"docs/evidence/EVD-0023.json",docs,.json,3622,1970-01-01T00:00:00.000Z
"docs/evidence/EVD-0024.json",docs,.json,2845,1970-01-01T00:00:00.000Z
"docs/evidence/EVD-0025.json",docs,.json,2983,1970-01-01T00:00:00.000Z
"docs/evidence/EVD-0026.json",docs,.json,2318,1970-01-01T00:00:00.000Z
"docs/evidence/EVD-0027.json",docs,.json,2185,1970-01-01T00:00:00.000Z
"docs/evidence/EVD-0028.json",docs,.json,2525,1970-01-01T00:00:00.000Z
"docs/evidence/EVD-0029.json",docs,.json,2272,1970-01-01T00:00:00.000Z
"docs/evidence/EVD-0030.json",docs,.json,2008,1970-01-01T00:00:00.000Z
"docs/evidence/EVD-0031.json",docs,.json,1960,1970-01-01T00:00:00.000Z
"docs/evidence/EVD-0032.json",docs,.json,2430,1970-01-01T00:00:00.000Z
"docs/evidence/EVD-0033.json",docs,.json,1005,1970-01-01T00:00:00.000Z
"docs/evidence/EVD-0034.json",docs,.json,1178,1970-01-01T00:00:00.000Z
"docs/evidence/EVD-0035.json",docs,.json,2205,1970-01-01T00:00:00.000Z
"docs/evidence/EVD-0038-FAIL-TEST.json",docs,.json,511,1970-01-01T00:00:00.000Z
"docs/evidence/EVD-0038-PASS-TEST.json",docs,.json,518,1970-01-01T00:00:00.000Z
"docs/evidence/EVD-CANARY-F001-EVIDENCE.json",docs,.json,1365,1970-01-01T00:00:00.000Z
"docs/evidence/EVD-CANARY-I001-COMPOSITION.json",docs,.json,1529,1970-01-01T00:00:00.000Z
"docs/evidence/EVD-CANARY-J001-COMPOSITION-REPLICATION.json",docs,.json,2046,1970-01-01T00:00:00.000Z
"docs/evidence/EVD-CANARY-M001-EVIDENCE.json",docs,.json,1148,1970-01-01T00:00:00.000Z
"docs/evidence/EVD-CANARY-M001-INDEPENDENT-REVIEW.json",docs,.json,1766,1970-01-01T00:00:00.000Z
"docs/evidence/EVD-CANARY-M002-EVIDENCE.json",docs,.json,1479,1970-01-01T00:00:00.000Z
"docs/evidence/EVD-CANARY-M002-INDEPENDENT-REVIEW.json",docs,.json,939,1970-01-01T00:00:00.000Z
"docs/evidence/EVD-CANARY-M003-EVIDENCE.json",docs,.json,1884,1970-01-01T00:00:00.000Z
"docs/evidence/EVD-CANARY-M003-INDEPENDENT-REVIEW.json",docs,.json,866,1970-01-01T00:00:00.000Z
"docs/evidence/EVD-CANARY-REAL-001.json",docs,.json,3292,1970-01-01T00:00:00.000Z
"docs/evidence/EVD-CANARY-TRIANGULATION-001.json",docs,.json,935,1970-01-01T00:00:00.000Z
"docs/evidence/EVD-CURSOR-COMMAND-CENTER.json",docs,.json,1315,1970-01-01T00:00:00.000Z
"docs/evidence/EVD-FUNDACION-DISCOVERY-001.json",docs,.json,1713,1970-01-01T00:00:00.000Z
"docs/evidence/EVD-FUNDACION-LEVEL2-001.json",docs,.json,4061,1970-01-01T00:00:00.000Z
"docs/evidence/EVD-FUNDACION-LEVEL2-002.json",docs,.json,3930,1970-01-01T00:00:00.000Z
"docs/evidence/EVD-L3-FUNDACION-DISCOVERY-001.json",docs,.json,968,1970-01-01T00:00:00.000Z
"docs/evidence/EVD-L3-FUNDACION-PILOT-001.json",docs,.json,3321,1970-01-01T00:00:00.000Z
"docs/evidence/EVD-L3-MULTIFIX-001.json",docs,.json,1554,1970-01-01T00:00:00.000Z
"docs/evidence/EVD-L3-MULTIFIX-002.json",docs,.json,1638,1970-01-01T00:00:00.000Z
"docs/evidence/EVD-L3-MULTIFIX-A-002.json",docs,.json,887,1970-01-01T00:00:00.000Z
"docs/evidence/EVD-L3-MULTIFIX-A.json",docs,.json,883,1970-01-01T00:00:00.000Z
"docs/evidence/EVD-L3-MULTIFIX-B-002.json",docs,.json,903,1970-01-01T00:00:00.000Z
"docs/evidence/EVD-L3-MULTIFIX-B.json",docs,.json,899,1970-01-01T00:00:00.000Z
"docs/evidence/EVD-L3-MULTIFIX-C-002.json",docs,.json,948,1970-01-01T00:00:00.000Z
"docs/evidence/EVD-L3-MULTIFIX-C.json",docs,.json,897,1970-01-01T00:00:00.000Z
"docs/evidence/EVD-L3-PILOT-001.json",docs,.json,1344,1970-01-01T00:00:00.000Z
"docs/evidence/EVD-LUXE-0001.json",docs,.json,2905,1970-01-01T00:00:00.000Z
"docs/evidence/EVD-MC-0001.json",docs,.json,2630,1970-01-01T00:00:00.000Z
"docs/evidence/EVD-OOB-FAIL-SIM-FAIL-01.json",docs,.json,633,1970-01-01T00:00:00.000Z
"docs/evidence/EVD-PHASE-G-KNOWLEDGE-GOVERNANCE.json",docs,.json,1739,1970-01-01T00:00:00.000Z
"docs/evidence/EVD-PHASE-H-COMPOSITION-READINESS.json",docs,.json,1557,1970-01-01T00:00:00.000Z
"docs/evidence/EVD-PHASE-K-COMPOSITION-POLICY.json",docs,.json,1436,1970-01-01T00:00:00.000Z
"docs/evidence/EVD-PHASE-L-BLIND-GENERALIZATION.json",docs,.json,1176,1970-01-01T00:00:00.000Z
"docs/evidence/EVD-PHASE-M-CROSS-PROJECT.json",docs,.json,1384,1970-01-01T00:00:00.000Z
"docs/evidence/EVD-PHASE-N-LONGITUDINAL-CHAOS.json",docs,.json,1233,1970-01-01T00:00:00.000Z
"docs/evidence/EVD-PHASE-P-MASTER-AUDIT.json",docs,.json,817,1970-01-01T00:00:00.000Z
"docs/evidence/EVD-PHASE-Q-AUTONOMY-GRADUATION.json",docs,.json,737,1970-01-01T00:00:00.000Z
"docs/evidence/L3-ENTRY-EXECUTABLE-EVIDENCE.json",docs,.json,1100,1970-01-01T00:00:00.000Z
"docs/evidence/TEMPLATE.md",docs,.md,940,1970-01-01T00:00:00.000Z
"docs/evidence/VAL_EVD_001_FUNDACION_USER_PILOT.json",docs,.json,2050,1970-01-01T00:00:00.000Z
"docs/evidence/raw_telemetry/CANARY_REAL_001_COHORT_R1.jsonl",docs,.jsonl,0,1970-01-01T00:00:00.000Z
"docs/evidence/raw_telemetry/active_tunnel.json",docs,.json,121,1970-01-01T00:00:00.000Z
"docs/evidence/schema.json",docs,.json,1773,1970-01-01T00:00:00.000Z
"docs/evolution/REGISTRY.json",docs,.json,643,1970-01-01T00:00:00.000Z
"docs/evolution/evolution_KAIZEN-1786771676823-6b1fb092.json",docs,.json,1311,1970-01-01T00:00:00.000Z
"docs/evolution/evolution_KAIZEN-1786771678250-50b5e2e2.json",docs,.json,1296,1970-01-01T00:00:00.000Z
"docs/evolution/evolution_KAIZEN-1786771866298-ccd3ba1b.json",docs,.json,1296,1970-01-01T00:00:00.000Z
"docs/evolution/evolution_KAIZEN-1786771867241-c7b59f2b.json",docs,.json,1296,1970-01-01T00:00:00.000Z
"docs/evolution/evolution_KAIZEN-1786772042635-e43c21d7.json",docs,.json,1296,1970-01-01T00:00:00.000Z
"docs/evolution/evolution_KAIZEN-1786772043624-446c7730.json",docs,.json,1296,1970-01-01T00:00:00.000Z
"docs/evolution/evolution_KAIZEN-1786772372246-81b8c317.json",docs,.json,1296,1970-01-01T00:00:00.000Z
"docs/evolution/evolution_KAIZEN-1786772373105-3c0bf75f.json",docs,.json,1296,1970-01-01T00:00:00.000Z
"docs/evolution/evolution_KAIZEN-1786772510152-f7b6292a.json",docs,.json,1296,1970-01-01T00:00:00.000Z
"docs/evolution/evolution_KAIZEN-1786772511194-8eb5a406.json",docs,.json,1296,1970-01-01T00:00:00.000Z
"docs/evolution/evolution_KAIZEN-1786772519194-312e688e.json",docs,.json,1296,1970-01-01T00:00:00.000Z
"docs/evolution/evolution_KAIZEN-1786772520272-73bf68f6.json",docs,.json,1296,1970-01-01T00:00:00.000Z
"docs/evolution/evolution_KAIZEN-1786772720216-f46c7c97.json",docs,.json,1311,1970-01-01T00:00:00.000Z
"docs/evolution/evolution_KAIZEN-1786772721144-3bdda9af.json",docs,.json,1296,1970-01-01T00:00:00.000Z
"docs/evolution/evolution_KAIZEN-1786772786099-6537cd65.json",docs,.json,1296,1970-01-01T00:00:00.000Z
"docs/evolution/evolution_KAIZEN-1786772787058-1c8f49d1.json",docs,.json,1296,1970-01-01T00:00:00.000Z
"docs/evolution/evolution_KAIZEN-1786773079104-8eb6d15c.json",docs,.json,1296,1970-01-01T00:00:00.000Z
"docs/evolution/evolution_KAIZEN-1786773080045-ad8e9107.json",docs,.json,1296,1970-01-01T00:00:00.000Z
"docs/evolution/evolution_KAIZEN-1786814168193-c82f753c.json",docs,.json,1296,1970-01-01T00:00:00.000Z
"docs/evolution/evolution_KAIZEN-1786814169031-a86a8ead.json",docs,.json,1296,1970-01-01T00:00:00.000Z
"docs/evolution/evolution_KAIZEN-1786814885559-662095fa.json",docs,.json,1296,1970-01-01T00:00:00.000Z
"docs/evolution/evolution_KAIZEN-1786814887056-28fc6029.json",docs,.json,1296,1970-01-01T00:00:00.000Z
"docs/evolution/schema.json",docs,.json,952,1970-01-01T00:00:00.000Z
"docs/governance/ADVERSARIAL_ATTACK_TAXONOMY.json",docs,.json,1166,1970-01-01T00:00:00.000Z
"docs/governance/ADVERSARIAL_TRUTH_PRINCIPLE.md",docs,.md,1364,1970-01-01T00:00:00.000Z
"docs/governance/AUTONOMY_GRADUATION_PACKET.json",docs,.json,2001,1970-01-01T00:00:00.000Z
"docs/governance/BLAST_RADIUS_MODEL.json",docs,.json,900,1970-01-01T00:00:00.000Z
"docs/governance/BLIND_GENERALIZATION_REGISTER.json",docs,.json,1968,1970-01-01T00:00:00.000Z
"docs/governance/CHAOS_EVENT_LEDGER.json",docs,.json,2979,1970-01-01T00:00:00.000Z
"docs/governance/CLAIM_VALIDATION_MODEL.json",docs,.json,579,1970-01-01T00:00:00.000Z
"docs/governance/COMPLEXITY_BUDGET.json",docs,.json,441,1970-01-01T00:00:00.000Z
"docs/governance/COMPOSITION_COST_LEDGER.json",docs,.json,1331,1970-01-01T00:00:00.000Z
"docs/governance/CONTRADICTION_MODEL.json",docs,.json,893,1970-01-01T00:00:00.000Z
"docs/governance/CRITICAL_FINDINGS.json",docs,.json,449,1970-01-01T00:00:00.000Z
"docs/governance/CROSS_PROJECT_TRANSFER_LEDGER.json",docs,.json,1361,1970-01-01T00:00:00.000Z
"docs/governance/DRIFT_LEDGER.json",docs,.json,873,1970-01-01T00:00:00.000Z
"docs/governance/EOS_INDEPENDENT_EMPIRICAL_VALIDATION_STANDARD.md",docs,.md,2544,1970-01-01T00:00:00.000Z
"docs/governance/EOS_MASTER_AUTONOMOUS_OPERATION_DIRECTIVE.md",docs,.md,6000,1970-01-01T00:00:00.000Z
"docs/governance/EOS_MASTER_COMPLETION_PROGRAM.md",docs,.md,8734,1970-01-01T00:00:00.000Z
"docs/governance/EVIDENCE_INDEPENDENCE_MODEL.json",docs,.json,815,1970-01-01T00:00:00.000Z
"docs/governance/FALSIFICATION_CONTRACT.json",docs,.json,728,1970-01-01T00:00:00.000Z
"docs/governance/FUNDACION_CUSTODY_STATE.md",docs,.md,2496,1970-01-01T00:00:00.000Z
"docs/governance/GAP002_PROVENANCE_PROTOCOL.md",docs,.md,3004,1970-01-01T00:00:00.000Z
"docs/governance/LEVEL_3_ADVERSARIAL_HARNESS.md",docs,.md,11457,1970-01-01T00:00:00.000Z
"docs/governance/LEVEL_3_ENTRY_CRITERIA.md",docs,.md,9393,1970-01-01T00:00:00.000Z
"docs/governance/LEVEL_3_INDEPENDENT_VERIFIER_CONTRACT.md",docs,.md,11145,1970-01-01T00:00:00.000Z
"docs/governance/LEVEL_3_MUTATION_MODEL.md",docs,.md,10516,1970-01-01T00:00:00.000Z
"docs/governance/LEVEL_3_ROLLBACK_REVOCATION_PROTOCOL.md",docs,.md,10857,1970-01-01T00:00:00.000Z
"docs/governance/LEVEL_3_STATE_MACHINE_CANONICAL.md",docs,.md,11942,1970-01-01T00:00:00.000Z
"docs/governance/MASTER_CLAIM_REGISTER.json",docs,.json,1513,1970-01-01T00:00:00.000Z
"docs/governance/MASTER_EVIDENCE_CATALOG.json",docs,.json,4978,1970-01-01T00:00:00.000Z
"docs/governance/MASTER_LIMITATIONS_REGISTER.json",docs,.json,1041,1970-01-01T00:00:00.000Z
"docs/governance/MASTER_UNKNOWN_REGISTER.json",docs,.json,929,1970-01-01T00:00:00.000Z
"docs/governance/META_GOVERNANCE_ENGINE.md",docs,.md,1676,1970-01-01T00:00:00.000Z
"docs/governance/MULTI_BKM_COMPOSITION_POLICY.md",docs,.md,2361,1970-01-01T00:00:00.000Z
"docs/governance/POLICY_UTILITY_MODEL.json",docs,.json,1070,1970-01-01T00:00:00.000Z
"docs/governance/PREDICTION_CALIBRATION_LEDGER.json",docs,.json,1163,1970-01-01T00:00:00.000Z
"docs/governance/PRODUCTION_READINESS_MODEL.json",docs,.json,563,1970-01-01T00:00:00.000Z
"docs/governance/PROP_VRF_002_AUTHORIZATION_AWARE_VERIFIER.md",docs,.md,7055,1970-01-01T00:00:00.000Z
"docs/governance/RECOVERY_LEDGER.json",docs,.json,478,1970-01-01T00:00:00.000Z
"docs/governance/RELEASE_CONTRACT.json",docs,.json,1060,1970-01-01T00:00:00.000Z
"docs/governance/RELEASE_GOVERNANCE_ENGINE.md",docs,.md,1556,1970-01-01T00:00:00.000Z
"docs/governance/REMEDIATION_PLAN_L3_GEN_001.md",docs,.md,6916,1970-01-01T00:00:00.000Z
"docs/governance/RESEARCH_BEFORE_TRANSFER_PROTOCOL.md",docs,.md,2039,1970-01-01T00:00:00.000Z
"docs/governance/RESILIENCE_MODEL.json",docs,.json,501,1970-01-01T00:00:00.000Z
"docs/governance/STRATEGY_SELECTION_BENCHMARK.json",docs,.json,1739,1970-01-01T00:00:00.000Z
"docs/governance/VALIDATION_STATE_MACHINE.json",docs,.json,686,1970-01-01T00:00:00.000Z
"docs/intake/EOS_PHASE_II_PROJECT_SELECTION_AND_INTAKE_STANDARD.md",docs,.md,4670,1970-01-01T00:00:00.000Z
"docs/intake/MASTER_GAP_REGISTER.json",docs,.json,3257,1970-01-01T00:00:00.000Z
"docs/intake/TEMPLATE.md",docs,.md,1066,1970-01-01T00:00:00.000Z
"docs/intake/eos_core/EXP_038_001_LEVEL_1_SELF_DIAGNOSIS.md",docs,.md,6028,1970-01-01T00:00:00.000Z
"docs/intake/eos_core/STEP_10_READ_EMPIRICAL_BASELINE_DIAGNOSIS.md",docs,.md,5987,1970-01-01T00:00:00.000Z
"docs/intake/eos_core/STEP_11_READ_SELF_HOSTING_LOOP_DIAGNOSIS.md",docs,.md,5470,1970-01-01T00:00:00.000Z
"docs/intake/eos_core/STEP_1_READ_KNOWLEDGE_PLANE_DIAGNOSIS.md",docs,.md,5676,1970-01-01T00:00:00.000Z
"docs/intake/eos_core/STEP_2_READ_EVIDENCE_ENGINE_DIAGNOSIS.md",docs,.md,6631,1970-01-01T00:00:00.000Z
"docs/intake/eos_core/STEP_3_READ_GOVERNANCE_ENGINE_DIAGNOSIS.md",docs,.md,7647,1970-01-01T00:00:00.000Z
"docs/intake/eos_core/STEP_4_READ_ADR_ENGINE_DIAGNOSIS.md",docs,.md,6706,1970-01-01T00:00:00.000Z
"docs/intake/eos_core/STEP_5_READ_SYNTHESIS_ENGINE_DIAGNOSIS.md",docs,.md,7168,1970-01-01T00:00:00.000Z
"docs/intake/eos_core/STEP_6_READ_DUAL_VALIDATION_ENGINE_DIAGNOSIS.md",docs,.md,5732,1970-01-01T00:00:00.000Z
"docs/intake/eos_core/STEP_7_READ_ORCHESTRATOR_DIAGNOSIS.md",docs,.md,6147,1970-01-01T00:00:00.000Z
"docs/intake/eos_core/STEP_8_READ_CONSTITUTION_ENGINE_DIAGNOSIS.md",docs,.md,5803,1970-01-01T00:00:00.000Z
"docs/intake/flowdesk/DIAGNOSIS_AND_UNKNOWNS.md",docs,.md,4813,1970-01-01T00:00:00.000Z
"docs/intake/fundacion/ASSET_INVENTORY.json",docs,.json,1245,1970-01-01T00:00:00.000Z
"docs/intake/fundacion/CONTENT_INVENTORY.md",docs,.md,1032,1970-01-01T00:00:00.000Z
"docs/intake/fundacion/DISCOVERY_REPORT.md",docs,.md,2819,1970-01-01T00:00:00.000Z
"docs/intake/fundacion/LEVEL_3_DISCOVERY_REPORT.md",docs,.md,6891,1970-01-01T00:00:00.000Z
"docs/intake/fundacion/OBSERVATIONS.md",docs,.md,908,1970-01-01T00:00:00.000Z
"docs/intake/fundacion/PROJECT_CONTEXT.md",docs,.md,2180,1970-01-01T00:00:00.000Z
"docs/intake/fundacion/PROPOSED_TASK_DAG.json",docs,.json,4688,1970-01-01T00:00:00.000Z
"docs/intake/fundacion/REQUIREMENTS_DISCOVERY.md",docs,.md,2092,1970-01-01T00:00:00.000Z
"docs/intake/fundacion/UNKNOWN_AND_GAPS.md",docs,.md,1816,1970-01-01T00:00:00.000Z
"docs/intake/fundacion/inventory.json",docs,.json,113,1970-01-01T00:00:00.000Z
"docs/intake/luxe_registry/PROJECT_INTAKE.md",docs,.md,5036,1970-01-01T00:00:00.000Z
"docs/intake/multimodal_creative/PROJECT_INTAKE.md",docs,.md,5899,1970-01-01T00:00:00.000Z
"docs/intake/relayhub/LEVEL_1_DIAGNOSIS_AND_MODEL.md",docs,.md,8830,1970-01-01T00:00:00.000Z
"docs/intake/research_intel/PROJECT_INTAKE.md",docs,.md,5559,1970-01-01T00:00:00.000Z
"docs/intelligence/AGENT_PERFORMANCE_MEMORY.json",docs,.json,828,1970-01-01T00:00:00.000Z
"docs/intelligence/CAPABILITY_VERIFICATION_MATRIX.md",docs,.md,2370,1970-01-01T00:00:00.000Z
"docs/intelligence/ENGINEERING_ECONOMICS.md",docs,.md,1013,1970-01-01T00:00:00.000Z
"docs/intelligence/EOS_IMPROVEMENT_RADAR.json",docs,.json,1744,1970-01-01T00:00:00.000Z
"docs/intelligence/KNOWLEDGE_GRAPH_MODEL.md",docs,.md,1382,1970-01-01T00:00:00.000Z
"docs/intelligence/META_VERIFICATION.md",docs,.md,1356,1970-01-01T00:00:00.000Z
"docs/intelligence/TOOL_PERFORMANCE_MEMORY.json",docs,.json,705,1970-01-01T00:00:00.000Z
"docs/intelligence/anti-patterns/ANT-0001-premature-external-implementation.json",docs,.json,976,1970-01-01T00:00:00.000Z
"docs/intelligence/anti-patterns/ANT-0002-tool-first-blind-copying.json",docs,.json,1103,1970-01-01T00:00:00.000Z
"docs/intelligence/anti-patterns/schema.json",docs,.json,798,1970-01-01T00:00:00.000Z
"docs/intelligence/capabilities/CAP-0001-persistent-engineering-memory.json",docs,.json,435,1970-01-01T00:00:00.000Z
"docs/intelligence/capabilities/schema.json",docs,.json,700,1970-01-01T00:00:00.000Z
"docs/intelligence/comparisons/CMP-0001-industry-engineering-matrix.json",docs,.json,5999,1970-01-01T00:00:00.000Z
"docs/intelligence/decisions/DEC-INT-0001-adopt-engram-memory-protocol.json",docs,.json,663,1970-01-01T00:00:00.000Z
"docs/intelligence/decisions/schema.json",docs,.json,782,1970-01-01T00:00:00.000Z
"docs/intelligence/lessons/LSN-0001-mobile-navigation-qa.json",docs,.json,981,1970-01-01T00:00:00.000Z
"docs/intelligence/lessons/LSN-0002-zero-js-cta-parameter-integrity.json",docs,.json,1050,1970-01-01T00:00:00.000Z
"docs/intelligence/patterns/PAT-0001-spec-driven-development.json",docs,.json,1416,1970-01-01T00:00:00.000Z
"docs/intelligence/patterns/PAT-0002-evidence-first-verification.json",docs,.json,1235,1970-01-01T00:00:00.000Z
"docs/intelligence/patterns/schema.json",docs,.json,1671,1970-01-01T00:00:00.000Z
"docs/intelligence/real_projects/andes-retreat/ARCHITECTURE.json",docs,.json,880,1970-01-01T00:00:00.000Z
"docs/intelligence/real_projects/andes-retreat/DESIGN.json",docs,.json,573,1970-01-01T00:00:00.000Z
"docs/intelligence/real_projects/andes-retreat/REAL_PROJECT_ARCHITECTURE_ASSESSMENT.json",docs,.json,94,1970-01-01T00:00:00.000Z
"docs/intelligence/real_projects/andes-retreat/REAL_PROJECT_AUDIT_TRAIL.json",docs,.json,269,1970-01-01T00:00:00.000Z
"docs/intelligence/real_projects/andes-retreat/REAL_PROJECT_CONTRADICTIONS.json",docs,.json,2,1970-01-01T00:00:00.000Z
"docs/intelligence/real_projects/andes-retreat/REAL_PROJECT_DISCOVERY.json",docs,.json,5826,1970-01-01T00:00:00.000Z
"docs/intelligence/real_projects/andes-retreat/REAL_PROJECT_EVIDENCE.json",docs,.json,189,1970-01-01T00:00:00.000Z
"docs/intelligence/real_projects/andes-retreat/REAL_PROJECT_PROPOSAL.json",docs,.json,1107,1970-01-01T00:00:00.000Z
"docs/intelligence/real_projects/andes-retreat/REAL_PROJECT_RECOMMENDATIONS.json",docs,.json,141,1970-01-01T00:00:00.000Z
"docs/intelligence/real_projects/andes-retreat/REAL_PROJECT_REQUIREMENTS.json",docs,.json,1779,1970-01-01T00:00:00.000Z
"docs/intelligence/real_projects/andes-retreat/REAL_PROJECT_RISK_ASSESSMENT.json",docs,.json,195,1970-01-01T00:00:00.000Z
"docs/intelligence/real_projects/andes-retreat/REAL_PROJECT_STATE.json",docs,.json,3846,1970-01-01T00:00:00.000Z
"docs/intelligence/real_projects/andes-retreat/REAL_PROJECT_UNCERTAINTIES.json",docs,.json,161,1970-01-01T00:00:00.000Z
"docs/intelligence/real_projects/andes-retreat/SPECIFICATION.json",docs,.json,1437,1970-01-01T00:00:00.000Z
"docs/intelligence/real_projects/andes-retreat/TASK_DAG.json",docs,.json,1320,1970-01-01T00:00:00.000Z
"docs/intelligence/real_projects/andes-retreat/VERIFICATION_PLAN.json",docs,.json,745,1970-01-01T00:00:00.000Z
"docs/intelligence/real_projects/fundacion/REAL_PROJECT_ARCHITECTURE_ASSESSMENT.json",docs,.json,94,1970-01-01T00:00:00.000Z
"docs/intelligence/real_projects/fundacion/REAL_PROJECT_AUDIT_TRAIL.json",docs,.json,269,1970-01-01T00:00:00.000Z
"docs/intelligence/real_projects/fundacion/REAL_PROJECT_CONTRADICTIONS.json",docs,.json,2,1970-01-01T00:00:00.000Z
"docs/intelligence/real_projects/fundacion/REAL_PROJECT_DISCOVERY.json",docs,.json,5042,1970-01-01T00:00:00.000Z
"docs/intelligence/real_projects/fundacion/REAL_PROJECT_EVIDENCE.json",docs,.json,185,1970-01-01T00:00:00.000Z
"docs/intelligence/real_projects/fundacion/REAL_PROJECT_RECOMMENDATIONS.json",docs,.json,141,1970-01-01T00:00:00.000Z
"docs/intelligence/real_projects/fundacion/REAL_PROJECT_RISK_ASSESSMENT.json",docs,.json,195,1970-01-01T00:00:00.000Z
"docs/intelligence/real_projects/fundacion/REAL_PROJECT_STATE.json",docs,.json,3142,1970-01-01T00:00:00.000Z
"docs/intelligence/real_projects/fundacion/REAL_PROJECT_UNCERTAINTIES.json",docs,.json,161,1970-01-01T00:00:00.000Z
"docs/intelligence/research/CANARY_F001_CAPABILITY_DISCOVERY.json",docs,.json,2071,1970-01-01T00:00:00.000Z
"docs/intelligence/research/CANARY_F001_TOOL_RANKING.json",docs,.json,1457,1970-01-01T00:00:00.000Z
"docs/intelligence/research/CANARY_M001_CAPABILITY_DISCOVERY.json",docs,.json,1984,1970-01-01T00:00:00.000Z
"docs/intelligence/research/CANARY_M001_TOOL_RANKING.json",docs,.json,1408,1970-01-01T00:00:00.000Z
"docs/intelligence/research/CANARY_M002_CAPABILITY_DISCOVERY.json",docs,.json,1564,1970-01-01T00:00:00.000Z
"docs/intelligence/research/CANARY_M002_TOOL_RANKING.json",docs,.json,1406,1970-01-01T00:00:00.000Z
"docs/intelligence/research/CANARY_M003_CAPABILITY_DISCOVERY.json",docs,.json,1672,1970-01-01T00:00:00.000Z
"docs/intelligence/research/CANARY_M003_TOOL_RANKING.json",docs,.json,1434,1970-01-01T00:00:00.000Z
"docs/intelligence/research/EOS_CURRENT_EXTERNAL_TOOLING_RESEARCH.md",docs,.md,5264,1970-01-01T00:00:00.000Z
"docs/intelligence/research/MCP_SPECIFICATION_AND_PLAYWRIGHT_RESEARCH.md",docs,.md,3543,1970-01-01T00:00:00.000Z
"docs/intelligence/research/RSC-0001-gentleman-engram-study.json",docs,.json,2379,1970-01-01T00:00:00.000Z
"docs/intelligence/research/RSC-0002-multi-agent-orchestration-study.json",docs,.json,1595,1970-01-01T00:00:00.000Z
"docs/intelligence/research/RSC-0003-software-factory-study.json",docs,.json,1808,1970-01-01T00:00:00.000Z
"docs/intelligence/research/RSC-0004-tool-agnostic-adapter-architecture.json",docs,.json,1880,1970-01-01T00:00:00.000Z
"docs/intelligence/research/RSC-0005-capability-selection-engine.json",docs,.json,2291,1970-01-01T00:00:00.000Z
"docs/intelligence/research/RSC-0006-autonomous-execution-runtime.json",docs,.json,2339,1970-01-01T00:00:00.000Z
"docs/intelligence/research/RSC-0007-autonomous-engineering-mission-simulation.json",docs,.json,2164,1970-01-01T00:00:00.000Z
"docs/intelligence/research/RSC-0008-engineering-factory-strategy-optimization.json",docs,.json,2288,1970-01-01T00:00:00.000Z
"docs/intelligence/research/RSC-0009-autonomous-engineering-mission-proving.json",docs,.json,2279,1970-01-01T00:00:00.000Z
"docs/intelligence/research/RSC-0010-autonomous-self-evaluation-evolution.json",docs,.json,2430,1970-01-01T00:00:00.000Z
"docs/intelligence/research/RSC-0011-autonomous-engineering-operating-loop.json",docs,.json,2466,1970-01-01T00:00:00.000Z
"docs/intelligence/research/RSC-0012-production-readiness-release-governance.json",docs,.json,2427,1970-01-01T00:00:00.000Z
"docs/intelligence/research/RSC-0013-adversarial-engineering-chaos-resilience.json",docs,.json,2490,1970-01-01T00:00:00.000Z
"docs/intelligence/research/RSC-0014-gentleman-ecosystem-benchmark.json",docs,.json,3840,1970-01-01T00:00:00.000Z
"docs/intelligence/research/RSC-0014-world-class-engineering-paradigms-integration.md",docs,.md,8327,1970-01-01T00:00:00.000Z
"docs/intelligence/research/RSC-0015-agentic-engineering-gap-analysis.json",docs,.json,3458,1970-01-01T00:00:00.000Z
"docs/intelligence/research/schema.json",docs,.json,1687,1970-01-01T00:00:00.000Z
"docs/intelligence/sources/SOURCES.json",docs,.json,6694,1970-01-01T00:00:00.000Z
"docs/intelligence/sources/schema.json",docs,.json,1735,1970-01-01T00:00:00.000Z
"docs/intelligence/user/FUNDACION_ABANDONMENT_TAXONOMY.json",docs,.json,2004,1970-01-01T00:00:00.000Z
"docs/intelligence/user/FUNDACION_GAP_002_OFFICIAL_DATA.json",docs,.json,949,1970-01-01T00:00:00.000Z
"docs/intelligence/user/FUNDACION_JTBD.md",docs,.md,4483,1970-01-01T00:00:00.000Z
"docs/intelligence/user/FUNDACION_QUALITATIVE_CODING_SCHEMA.json",docs,.json,1318,1970-01-01T00:00:00.000Z
"docs/intelligence/user/FUNDACION_TRUST_BARRIERS.md",docs,.md,3891,1970-01-01T00:00:00.000Z
"docs/intelligence/user/FUNDACION_USER_DISCOVERY.md",docs,.md,2873,1970-01-01T00:00:00.000Z
"docs/intelligence/user/FUNDACION_USER_JOURNEYS.md",docs,.md,2764,1970-01-01T00:00:00.000Z
"docs/intelligence/user/FUNDACION_USER_RESEARCH_EVIDENCE.json",docs,.json,1781,1970-01-01T00:00:00.000Z
"docs/intelligence/user/FUNDACION_USER_SEGMENTS.md",docs,.md,5335,1970-01-01T00:00:00.000Z
"docs/intelligence/user/FUNDACION_USER_VALIDATION_PROTOCOL.md",docs,.md,3060,1970-01-01T00:00:00.000Z
"docs/intelligence/user/FUNDACION_USER_VALIDATION_REPORT.md",docs,.md,8629,1970-01-01T00:00:00.000Z
"docs/intelligence/user/FUNDACION_VALUE_BASELINE.md",docs,.md,3607,1970-01-01T00:00:00.000Z
"docs/intelligence/user/FUNDACION_VALUE_HYPOTHESES.md",docs,.md,3553,1970-01-01T00:00:00.000Z
"docs/intelligence/user/VAL_EXPERIMENT_002_EXECUTION_PROTOCOL.md",docs,.md,4264,1970-01-01T00:00:00.000Z
"docs/intelligence/user/VAL_EXPERIMENT_002_INSTITUTIONAL_TRUST.md",docs,.md,4413,1970-01-01T00:00:00.000Z
"docs/knowledge/AGENT_PERFORMANCE_MEMORY.json",docs,.json,652,1970-01-01T00:00:00.000Z
"docs/knowledge/BKM-CANARY-001.json",docs,.json,3520,1970-01-01T00:00:00.000Z
"docs/knowledge/BKM_COMPOSITION_COMPATIBILITY.json",docs,.json,1360,1970-01-01T00:00:00.000Z
"docs/knowledge/BKM_COMPOSITION_PORTFOLIO.json",docs,.json,1917,1970-01-01T00:00:00.000Z
"docs/knowledge/BKM_LIFECYCLE_MODEL.json",docs,.json,1134,1970-01-01T00:00:00.000Z
"docs/knowledge/BKM_PORTFOLIO.json",docs,.json,1120,1970-01-01T00:00:00.000Z
"docs/knowledge/COMPOSITION_POLICY_GRAPH.json",docs,.json,1970,1970-01-01T00:00:00.000Z
"docs/knowledge/CONTINUOUS_LEARNING_LOOP.md",docs,.md,878,1970-01-01T00:00:00.000Z
"docs/knowledge/ENV-001-node-native-sqlite-runtime.json",docs,.json,1368,1970-01-01T00:00:00.000Z
"docs/knowledge/EXP-037-001-SYNTHESIS-EXPERIMENT.md",docs,.md,2449,1970-01-01T00:00:00.000Z
"docs/knowledge/KNOWLEDGE_TYPE_TAXONOMY.json",docs,.json,1118,1970-01-01T00:00:00.000Z
"docs/knowledge/LSN-001-mobile-navigation-qa.json",docs,.json,840,1970-01-01T00:00:00.000Z
"docs/knowledge/LSN-002-zero-js-cta-parameter-integrity.json",docs,.json,907,1970-01-01T00:00:00.000Z
"docs/knowledge/LSN-LUXE-001-atomic-set-locks.json",docs,.json,703,1970-01-01T00:00:00.000Z
"docs/knowledge/LSN-MC-001-capability-adapter-fallback.json",docs,.json,704,1970-01-01T00:00:00.000Z
"docs/knowledge/LSN-MC-002-provisional-budget-interlock.json",docs,.json,661,1970-01-01T00:00:00.000Z
"docs/knowledge/MULTI_PROJECT_SYNTHESIS_FRAMEWORK.md",docs,.md,2490,1970-01-01T00:00:00.000Z
"docs/knowledge/NEGATIVE_BKM_CATALOG.json",docs,.json,985,1970-01-01T00:00:00.000Z
"docs/knowledge/RESEARCH_ENGINE.md",docs,.md,762,1970-01-01T00:00:00.000Z
"docs/knowledge/SYS-PRN-001-system-boundary-contract-principle.json",docs,.json,1014,1970-01-01T00:00:00.000Z
"docs/manuals/EOS_MCP_LOCAL_CONNECT.md",docs,.md,1652,1970-01-01T00:00:00.000Z
"docs/manuals/EOS_OPERATOR_MANUAL_LOCAL.md",docs,.md,2253,1970-01-01T00:00:00.000Z
"docs/mcp/NORMALIZED_MCP_CATALOG.json",docs,.json,1645,1970-01-01T00:00:00.000Z
"docs/missions/CANARY_F001/MISSION_EXPEDIENTE.json",docs,.json,1264,1970-01-01T00:00:00.000Z
"docs/missions/CANARY_F001/PREDICTION-F-001.md",docs,.md,4232,1970-01-01T00:00:00.000Z
"docs/missions/CANARY_F001/TASK_DAG.json",docs,.json,1690,1970-01-01T00:00:00.000Z
"docs/missions/CANARY_I001/ANALYSIS_PLAN.md",docs,.md,1304,1970-01-01T00:00:00.000Z
"docs/missions/CANARY_I001/BASELINE.md",docs,.md,1748,1970-01-01T00:00:00.000Z
"docs/missions/CANARY_I001/EXPERIMENT_PROTOCOL.md",docs,.md,1654,1970-01-01T00:00:00.000Z
"docs/missions/CANARY_I001/HYPOTHESIS.md",docs,.md,1563,1970-01-01T00:00:00.000Z
"docs/missions/CANARY_I001/MISSION_EXPEDIENTE.json",docs,.json,1294,1970-01-01T00:00:00.000Z
"docs/missions/CANARY_I001/TASK_DAG.json",docs,.json,1377,1970-01-01T00:00:00.000Z
"docs/missions/CANARY_J001/BASELINE.md",docs,.md,1155,1970-01-01T00:00:00.000Z
"docs/missions/CANARY_J001/EXPERIMENT_PROTOCOL.md",docs,.md,1560,1970-01-01T00:00:00.000Z
"docs/missions/CANARY_J001/HYPOTHESIS.md",docs,.md,1360,1970-01-01T00:00:00.000Z
"docs/missions/CANARY_J001/MISSION_EXPEDIENTE.json",docs,.json,1345,1970-01-01T00:00:00.000Z
"docs/missions/CANARY_J001/PREDICTION-J-001.md",docs,.md,1470,1970-01-01T00:00:00.000Z
"docs/missions/CANARY_J001/TASK_DAG.json",docs,.json,1367,1970-01-01T00:00:00.000Z
"docs/missions/CANARY_L001/BLIND_EVALUATION_PROTOCOL.md",docs,.md,1013,1970-01-01T00:00:00.000Z
"docs/missions/CANARY_L001/HYPOTHESIS.md",docs,.md,1414,1970-01-01T00:00:00.000Z
"docs/missions/CANARY_L001/MISSION_EXPEDIENTE.json",docs,.json,1246,1970-01-01T00:00:00.000Z
"docs/missions/CANARY_L001/PREDICTION-L-001.md",docs,.md,1404,1970-01-01T00:00:00.000Z
"docs/missions/CANARY_L001/TASK_DAG.json",docs,.json,1376,1970-01-01T00:00:00.000Z
"docs/missions/CANARY_M001/ENRICH_US_JTBD.md",docs,.md,2028,1970-01-01T00:00:00.000Z
"docs/missions/CANARY_M001/MISSION_EXPEDIENTE.json",docs,.json,2243,1970-01-01T00:00:00.000Z
"docs/missions/CANARY_M001/TASK_DAG.json",docs,.json,1732,1970-01-01T00:00:00.000Z
"docs/missions/CANARY_M002/BASELINE.md",docs,.md,1750,1970-01-01T00:00:00.000Z
"docs/missions/CANARY_M002/HYPOTHESIS.md",docs,.md,1441,1970-01-01T00:00:00.000Z
"docs/missions/CANARY_M002/MISSION_EXPEDIENTE.json",docs,.json,1893,1970-01-01T00:00:00.000Z
"docs/missions/CANARY_M002/REPLICATION_PROTOCOL.md",docs,.md,1927,1970-01-01T00:00:00.000Z
"docs/missions/CANARY_M002/TASK_DAG.json",docs,.json,1619,1970-01-01T00:00:00.000Z
"docs/missions/CANARY_M003/BASELINE.md",docs,.md,1820,1970-01-01T00:00:00.000Z
"docs/missions/CANARY_M003/HYPOTHESIS.md",docs,.md,1393,1970-01-01T00:00:00.000Z
"docs/missions/CANARY_M003/MISSION_EXPEDIENTE.json",docs,.json,2232,1970-01-01T00:00:00.000Z
"docs/missions/CANARY_M003/REPLICATION_PROTOCOL.md",docs,.md,2533,1970-01-01T00:00:00.000Z
"docs/missions/CANARY_M003/TASK_DAG.json",docs,.json,1679,1970-01-01T00:00:00.000Z
"docs/missions/CANARY_N001/BASELINE.md",docs,.md,1030,1970-01-01T00:00:00.000Z
"docs/missions/CANARY_N001/CHAOS_MATRIX.json",docs,.json,2903,1970-01-01T00:00:00.000Z
"docs/missions/CANARY_N001/DRIFT_MODEL.json",docs,.json,903,1970-01-01T00:00:00.000Z
"docs/missions/CANARY_N001/EXPERIMENT_PROTOCOL.md",docs,.md,1502,1970-01-01T00:00:00.000Z
"docs/missions/CANARY_N001/HYPOTHESIS.md",docs,.md,1571,1970-01-01T00:00:00.000Z
"docs/missions/CANARY_N001/MISSION_EXPEDIENTE.json",docs,.json,1373,1970-01-01T00:00:00.000Z
"docs/missions/CANARY_N001/SLO_DEFINITION.json",docs,.json,607,1970-01-01T00:00:00.000Z
"docs/missions/CANARY_N001/STOP_CONDITIONS.md",docs,.md,793,1970-01-01T00:00:00.000Z
"docs/missions/CANARY_N001/TASK_DAG.json",docs,.json,1393,1970-01-01T00:00:00.000Z
"docs/missions/CANARY_REAL_001/BASELINE_METRICS.json",docs,.json,752,1970-01-01T00:00:00.000Z
"docs/missions/CANARY_REAL_001/CANARY_REAL_001_COMPLETION_REPORT.md",docs,.md,3039,1970-01-01T00:00:00.000Z
"docs/missions/CANARY_REAL_001/COHORT_R1_PREFLIGHT_AND_PROTOCOL.md",docs,.md,4528,1970-01-01T00:00:00.000Z
"docs/missions/CANARY_REAL_001/DECISION_RECORD_BUILD_VS_NO_BUILD.md",docs,.md,1770,1970-01-01T00:00:00.000Z
"docs/missions/CANARY_REAL_001/DISCOVERY_REPORT.md",docs,.md,2262,1970-01-01T00:00:00.000Z
"docs/missions/CANARY_REAL_001/JTBD_AND_PAIN_POINTS.md",docs,.md,2016,1970-01-01T00:00:00.000Z
"docs/missions/CANARY_REAL_001/LEARNING_RECORD.json",docs,.json,1017,1970-01-01T00:00:00.000Z
"docs/missions/CANARY_REAL_001/MISSION_EXPEDIENTE.json",docs,.json,981,1970-01-01T00:00:00.000Z
"docs/missions/CANARY_REAL_001/REAL_TELEMETRY_PROTOCOL.md",docs,.md,4842,1970-01-01T00:00:00.000Z
"docs/missions/REGISTRY.json",docs,.json,1041,1970-01-01T00:00:00.000Z
"docs/missions/schema.json",docs,.json,696,1970-01-01T00:00:00.000Z
"docs/orchestration/DRY_RUN_ENGINE.json",docs,.json,383,1970-01-01T00:00:00.000Z
"docs/orchestration/ENGINEERING_FACTORY.md",docs,.md,1368,1970-01-01T00:00:00.000Z
"docs/orchestration/ENGINEERING_LIFECYCLE.json",docs,.json,1540,1970-01-01T00:00:00.000Z
"docs/orchestration/EVOLUTION_STATE_MACHINE.json",docs,.json,1349,1970-01-01T00:00:00.000Z
"docs/orchestration/EXECUTION_HISTORY.json",docs,.json,453,1970-01-01T00:00:00.000Z
"docs/orchestration/EXECUTION_PLANNER.json",docs,.json,426,1970-01-01T00:00:00.000Z
"docs/orchestration/EXECUTION_RUNTIME.json",docs,.json,567,1970-01-01T00:00:00.000Z
"docs/orchestration/EXECUTION_STATE_MACHINE.json",docs,.json,1016,1970-01-01T00:00:00.000Z
"docs/orchestration/FAILURE_HANDLING.json",docs,.json,939,1970-01-01T00:00:00.000Z
"docs/orchestration/FALLBACK_ENGINE.json",docs,.json,326,1970-01-01T00:00:00.000Z
"docs/orchestration/GAME_DAY_STATE_MACHINE.json",docs,.json,1607,1970-01-01T00:00:00.000Z
"docs/orchestration/OPERATING_LOOP_CONTRACT.json",docs,.json,1881,1970-01-01T00:00:00.000Z
"docs/orchestration/OPERATING_LOOP_STATE_MACHINE.json",docs,.json,1993,1970-01-01T00:00:00.000Z
"docs/orchestration/RELEASE_GATE_STATE_MACHINE.json",docs,.json,1667,1970-01-01T00:00:00.000Z
"docs/orchestration/REPLAN_ENGINE.json",docs,.json,448,1970-01-01T00:00:00.000Z
"docs/orchestration/STRATEGY_ENGINE.json",docs,.json,528,1970-01-01T00:00:00.000Z
"docs/orchestration/STRATEGY_SELECTION_POLICY.json",docs,.json,653,1970-01-01T00:00:00.000Z
"docs/orchestration/TASK_DECOMPOSITION.json",docs,.json,723,1970-01-01T00:00:00.000Z
"docs/orchestration/TASK_GRAPH.json",docs,.json,1321,1970-01-01T00:00:00.000Z
"docs/policies/AUTONOMY_RISK_MODEL.json",docs,.json,3037,1970-01-01T00:00:00.000Z
"docs/policies/POLICY_ENGINE.json",docs,.json,1947,1970-01-01T00:00:00.000Z
"docs/policies/REVERSIBILITY_ENGINE.json",docs,.json,1564,1970-01-01T00:00:00.000Z
"docs/projects/REGISTRY_MODEL.md",docs,.md,1179,1970-01-01T00:00:00.000Z
"docs/projects/STATE_MACHINE.json",docs,.json,3288,1970-01-01T00:00:00.000Z
"docs/projects/TEMPLATE.json",docs,.json,369,1970-01-01T00:00:00.000Z
"docs/projects/registrations/canary-beta.json",docs,.json,360,1970-01-01T00:00:00.000Z
"docs/projects/registrations/canary_alpha.json",docs,.json,1573,1970-01-01T00:00:00.000Z
"docs/projects/registrations/fundacion/DECISION_RECORD.md",docs,.md,1957,1970-01-01T00:00:00.000Z
"docs/projects/registrations/fundacion/IMPLEMENTATION_AUTHORIZATION.md",docs,.md,2711,1970-01-01T00:00:00.000Z
"docs/projects/registrations/fundacion/LEVEL_3_REAL_PROJECT_PILOT_PROPOSAL.md",docs,.md,5689,1970-01-01T00:00:00.000Z
"docs/projects/registrations/fundacion/PROPOSED_L3_TASK_DAG.json",docs,.json,2701,1970-01-01T00:00:00.000Z
"docs/projects/registrations/fundacion/PROPOSED_L3_TASK_DAG_V2.json",docs,.json,6777,1970-01-01T00:00:00.000Z
"docs/projects/registrations/fundacion/REMEDIATION_PLAN_LEVEL2.md",docs,.md,5332,1970-01-01T00:00:00.000Z
"docs/projects/registrations/fundacion.json",docs,.json,1732,1970-01-01T00:00:00.000Z
"docs/projects/registrations/luxe_registry.json",docs,.json,1712,1970-01-01T00:00:00.000Z
"docs/projects/registrations/multimodal_creative.json",docs,.json,1716,1970-01-01T00:00:00.000Z
"docs/projects/registrations/research_intel.json",docs,.json,1754,1970-01-01T00:00:00.000Z
"docs/projects/registry.json",docs,.json,9532,1970-01-01T00:00:00.000Z
"docs/projects/schema.json",docs,.json,3008,1970-01-01T00:00:00.000Z
"docs/providers/REGISTRY.json",docs,.json,813,1970-01-01T00:00:00.000Z
"docs/providers/SELECTION_POLICY.json",docs,.json,584,1970-01-01T00:00:00.000Z
"docs/providers/schema.json",docs,.json,441,1970-01-01T00:00:00.000Z
"docs/releases/EOS_CONTINUOUS_EXECUTION_CHECKPOINT.md",docs,.md,1278,1970-01-01T00:00:00.000Z
"docs/releases/EOS_FREEZE_GATE_STATUS.md",docs,.md,531,1970-01-01T00:00:00.000Z
"docs/releases/RELEASE_CAPABILITY_MATRIX.md",docs,.md,2336,1970-01-01T00:00:00.000Z
"docs/reports/eos/master/raw/_collect_inventory.mjs",docs,.mjs,7322,2026-09-01T02:14:59.443Z
"docs/rules/CANONICAL_RULES_INDEX.json",docs,.json,2455,1970-01-01T00:00:00.000Z
"docs/schemas/context_receipt.schema.json",docs,.json,1403,1970-01-01T00:00:00.000Z
"docs/schemas/feature_list.schema.json",docs,.json,1085,1970-01-01T00:00:00.000Z
"docs/schemas/local/direction.local.schema.json",docs,.json,662,1970-01-01T00:00:00.000Z
"docs/schemas/local/hitl-receipt.local.schema.json",docs,.json,1358,1970-01-01T00:00:00.000Z
"docs/schemas/local/mission-package.local.schema.json",docs,.json,1130,1970-01-01T00:00:00.000Z
"docs/skills/NORMALIZED_SKILL_CATALOG.json",docs,.json,2789,1970-01-01T00:00:00.000Z
"docs/specs/TEMPLATE.md",docs,.md,1161,1970-01-01T00:00:00.000Z
"docs/specs/canary/SPEC-0001-canary-diagnostic-reporter.md",docs,.md,2251,1970-01-01T00:00:00.000Z
"docs/specs/canary/SPEC-0002-canary-contact-support-dispatcher.md",docs,.md,2105,1970-01-01T00:00:00.000Z
"docs/specs/canary/SPEC-0003-canary-config-payload-importer.md",docs,.md,2122,1970-01-01T00:00:00.000Z
"docs/specs/canary/SPEC-0004-canary-csv-tabular-uploader.md",docs,.md,2330,1970-01-01T00:00:00.000Z
"docs/specs/canary/SPEC-0005-canary-batch-param-migration-console.md",docs,.md,1551,1970-01-01T00:00:00.000Z
"docs/specs/canary/SPEC-0006-canary-webhook-payload-dispatcher.md",docs,.md,1293,1970-01-01T00:00:00.000Z
"docs/specs/canary/SPEC-0007-canary-remodelaciones/design.md",docs,.md,2378,1970-01-01T00:00:00.000Z
"docs/specs/canary/SPEC-0007-canary-remodelaciones/proposal.md",docs,.md,2517,1970-01-01T00:00:00.000Z
"docs/specs/canary/SPEC-0007-canary-remodelaciones/specs/qualification/spec.md",docs,.md,2667,1970-01-01T00:00:00.000Z
"docs/specs/canary/SPEC-0007-canary-remodelaciones/tasks.md",docs,.md,2114,1970-01-01T00:00:00.000Z
"docs/specs/canary/SPEC-0007-canary-remodelaciones.md",docs,.md,2303,1970-01-01T00:00:00.000Z
"docs/specs/eos_core/SPEC-EOS-CORE-SELF-HOSTING.md",docs,.md,6017,1970-01-01T00:00:00.000Z
"docs/specs/eos_core/STEP_10_MODEL_AND_PROPOSAL.md",docs,.md,14786,1970-01-01T00:00:00.000Z
"docs/specs/eos_core/STEP_11_MODEL_AND_PROPOSAL.md",docs,.md,13180,1970-01-01T00:00:00.000Z
"docs/specs/eos_core/STEP_1_MODEL_AND_PROPOSAL.md",docs,.md,10911,1970-01-01T00:00:00.000Z
"docs/specs/eos_core/STEP_2_MODEL_AND_PROPOSAL.md",docs,.md,9447,1970-01-01T00:00:00.000Z
"docs/specs/eos_core/STEP_3_MODEL_AND_PROPOSAL.md",docs,.md,7481,1970-01-01T00:00:00.000Z
"docs/specs/eos_core/STEP_4_MODEL_AND_PROPOSAL.md",docs,.md,7825,1970-01-01T00:00:00.000Z
"docs/specs/eos_core/STEP_5_MODEL_AND_PROPOSAL.md",docs,.md,8570,1970-01-01T00:00:00.000Z
"docs/specs/eos_core/STEP_6_MODEL_AND_PROPOSAL.md",docs,.md,8298,1970-01-01T00:00:00.000Z
"docs/specs/eos_core/STEP_7_MODEL_AND_PROPOSAL.md",docs,.md,10442,1970-01-01T00:00:00.000Z
"docs/specs/eos_core/STEP_8_MODEL_AND_PROPOSAL.md",docs,.md,9328,1970-01-01T00:00:00.000Z
"docs/specs/flowdesk/SPEC-FLOWDESK-ARCHITECTURE-PROPOSAL.md",docs,.md,3311,1970-01-01T00:00:00.000Z
"docs/specs/fundacion/SPEC-0001-fundacion-core.md",docs,.md,6243,1970-01-01T00:00:00.000Z
"docs/specs/luxe_registry/SPEC-0001-luxe-registry-core.md",docs,.md,3010,1970-01-01T00:00:00.000Z
"docs/specs/multimodal_creative/SPEC-0002-multimodal-creative-suite.md",docs,.md,6178,1970-01-01T00:00:00.000Z
"docs/specs/relayhub/SPEC-RELAYHUB-ARCHITECTURE-PROPOSAL.md",docs,.md,8188,1970-01-01T00:00:00.000Z
"docs/specs/research_intel/SPEC-0003-research-intelligence-engine.md",docs,.md,7253,1970-01-01T00:00:00.000Z
"docs/tools/NORMALIZED_TOOL_CATALOG.json",docs,.json,2916,1970-01-01T00:00:00.000Z
"docs/tools/REGISTRY.json",docs,.json,1943,1970-01-01T00:00:00.000Z
"docs/tools/SELECTION_ENGINE.json",docs,.json,996,1970-01-01T00:00:00.000Z
"docs/tools/schema.json",docs,.json,717,1970-01-01T00:00:00.000Z
"docs/workflows/EOS_CYCLE.md",docs,.md,1232,1970-01-01T00:00:00.000Z
"docs/workflows/INTAKE_PIPELINE.md",docs,.md,2285,1970-01-01T00:00:00.000Z
"docs/workflows/MASTER_EXECUTION_BRIEF.md",docs,.md,5880,1970-01-01T00:00:00.000Z
"docs/workflows/MULTI_AGENT_HANDOFF.md",docs,.md,2835,1970-01-01T00:00:00.000Z
"docs/workflows/SPECIFICATION_PIPELINE.md",docs,.md,1608,1970-01-01T00:00:00.000Z
"docs/workflows/TRACEABILITY.md",docs,.md,1033,1970-01-01T00:00:00.000Z
"docs/workflows/WEBSITE_QUALITY_MODEL.md",docs,.md,1936,1970-01-01T00:00:00.000Z
"package.json",root-other,.json,1855,1970-01-01T00:00:00.000Z
"scripts/adapters/mock-browser-adapter.js",scripts,.js,570,1970-01-01T00:00:00.000Z
"scripts/adapters/mock-code-adapter.js",scripts,.js,1185,1970-01-01T00:00:00.000Z
"scripts/adapters/mock-research-adapter.js",scripts,.js,793,1970-01-01T00:00:00.000Z
"scripts/adapters/mock-test-adapter.js",scripts,.js,571,1970-01-01T00:00:00.000Z
"scripts/cli/eos.js",scripts,.js,8424,1970-01-01T00:00:00.000Z
"scripts/engine/accessibility-validator-engine.js",scripts,.js,5282,1970-01-01T00:00:00.000Z
"scripts/engine/adaptive-adversary-engine.js",scripts,.js,6382,1970-01-01T00:00:00.000Z
"scripts/engine/adversarial-laboratory-engine.js",scripts,.js,6342,1970-01-01T00:00:00.000Z
"scripts/engine/authority-adapter.js",scripts,.js,4605,1970-01-01T00:00:00.000Z
"scripts/engine/autonomous-architect-advisor.js",scripts,.js,4582,1970-01-01T00:00:00.000Z
"scripts/engine/autonomous-continuous-learning-loop.js",scripts,.js,3447,1970-01-01T00:00:00.000Z
"scripts/engine/autonomous-ecosystem-manager-v1.js",scripts,.js,6185,1970-01-01T00:00:00.000Z
"scripts/engine/autonomous-ecosystem-manager.js",scripts,.js,4252,1970-01-01T00:00:00.000Z
"scripts/engine/autonomous-engineering-factory.js",scripts,.js,6446,1970-01-01T00:00:00.000Z
"scripts/engine/autonomous-engineering-mission-engine.js",scripts,.js,3923,1970-01-01T00:00:00.000Z
"scripts/engine/autonomous-engineering-operating-loop.js",scripts,.js,4548,1970-01-01T00:00:00.000Z
"scripts/engine/autonomous-execution-runtime.js",scripts,.js,8271,1970-01-01T00:00:00.000Z
"scripts/engine/autonomous-failsafe-harness.js",scripts,.js,2991,1970-01-01T00:00:00.000Z
"scripts/engine/autonomous-self-evolution-engine.js",scripts,.js,6366,1970-01-01T00:00:00.000Z
"scripts/engine/autonomy-graduation-engine.js",scripts,.js,6506,1970-01-01T00:00:00.000Z
"scripts/engine/blind-strategy-evaluation-engine.js",scripts,.js,6382,1970-01-01T00:00:00.000Z
"scripts/engine/canary-f001-predictive-transfer-harness.js",scripts,.js,10892,1970-01-01T00:00:00.000Z
"scripts/engine/canary-i001-composition-executor.js",scripts,.js,11515,1970-01-01T00:00:00.000Z
"scripts/engine/canary-j001-composite-replication-executor.js",scripts,.js,14027,1970-01-01T00:00:00.000Z
"scripts/engine/canary-m002-replication-harness.js",scripts,.js,8912,1970-01-01T00:00:00.000Z
"scripts/engine/canary-m003-replication-harness.js",scripts,.js,9300,1970-01-01T00:00:00.000Z
"scripts/engine/canary-mission-executor.js",scripts,.js,9441,1970-01-01T00:00:00.000Z
"scripts/engine/canary-real-001-cohort-server.js",scripts,.js,9595,1970-01-01T00:00:00.000Z
"scripts/engine/canary-triangulation-engine.js",scripts,.js,11165,1970-01-01T00:00:00.000Z
"scripts/engine/canary-tunnel-supervisor.js",scripts,.js,3494,1970-01-01T00:00:00.000Z
"scripts/engine/capability-intelligence-engine.js",scripts,.js,5394,1970-01-01T00:00:00.000Z
"scripts/engine/causal-replication-harness.js",scripts,.js,4571,1970-01-01T00:00:00.000Z
"scripts/engine/client-triangulation-engine.js",scripts,.js,5414,1970-01-01T00:00:00.000Z
"scripts/engine/closed-loop-learning-engine.js",scripts,.js,6892,1970-01-01T00:00:00.000Z
"scripts/engine/cognitive-execution-fabric.js",scripts,.js,7175,1970-01-01T00:00:00.000Z
"scripts/engine/cognitive-fabric-evaluation-harness.js",scripts,.js,5158,1970-01-01T00:00:00.000Z
"scripts/engine/cognitive-fabric-generalization-harness.js",scripts,.js,6224,1970-01-01T00:00:00.000Z
"scripts/engine/composition-policy-engine.js",scripts,.js,6658,1970-01-01T00:00:00.000Z
"scripts/engine/context-compiler.js",scripts,.js,6965,1970-01-01T00:00:00.000Z
"scripts/engine/contextual-learning-boundary-engine.js",scripts,.js,4846,1970-01-01T00:00:00.000Z
"scripts/engine/continuous-change-operations.js",scripts,.js,6521,1970-01-01T00:00:00.000Z
"scripts/engine/cross-project-transfer-engine.js",scripts,.js,6434,1970-01-01T00:00:00.000Z
"scripts/engine/cursor-command-center-engine.js",scripts,.js,5107,1970-01-01T00:00:00.000Z
"scripts/engine/dynamic-replanning-engine.js",scripts,.js,1886,1970-01-01T00:00:00.000Z
"scripts/engine/effort-budget-engine.js",scripts,.js,4504,1970-01-01T00:00:00.000Z
"scripts/engine/elite-platform-engine.js",scripts,.js,5879,1970-01-01T00:00:00.000Z
"scripts/engine/epistemic-evidence-engine.js",scripts,.js,65,1970-01-01T00:00:00.000Z
"scripts/engine/executive-arbitration-engine.js",scripts,.js,6770,1970-01-01T00:00:00.000Z
"scripts/engine/executive-generalization-harness.js",scripts,.js,5797,1970-01-01T00:00:00.000Z
"scripts/engine/executive-orchestrator-engine.js",scripts,.js,7072,1970-01-01T00:00:00.000Z
"scripts/engine/experience-learning-engine.js",scripts,.js,5209,1970-01-01T00:00:00.000Z
"scripts/engine/external-product-factory-pilot.js",scripts,.js,7207,1970-01-01T00:00:00.000Z
"scripts/engine/frontier-evaluation-farm.js",scripts,.js,8470,1970-01-01T00:00:00.000Z
"scripts/engine/frontier-realism-engine.js",scripts,.js,4597,1970-01-01T00:00:00.000Z
"scripts/engine/graph-intelligence-plane.js",scripts,.js,7158,1970-01-01T00:00:00.000Z
"scripts/engine/hitl-gatekeeper.js",scripts,.js,55,1970-01-01T00:00:00.000Z
"scripts/engine/independent-canary-reviewer.js",scripts,.js,7455,1970-01-01T00:00:00.000Z
"scripts/engine/independent-telemetry-sink.js",scripts,.js,5560,1970-01-01T00:00:00.000Z
"scripts/engine/independent-verification-harness.js",scripts,.js,4611,1970-01-01T00:00:00.000Z
"scripts/engine/learning-robustness-harness.js",scripts,.js,3223,1970-01-01T00:00:00.000Z
"scripts/engine/learning-validity-causality-engine.js",scripts,.js,4843,1970-01-01T00:00:00.000Z
"scripts/engine/long-run-independent-operation.js",scripts,.js,5268,1970-01-01T00:00:00.000Z
"scripts/engine/long-run-stability-harness.js",scripts,.js,1952,1970-01-01T00:00:00.000Z
"scripts/engine/longitudinal-chaos-engine.js",scripts,.js,6972,1970-01-01T00:00:00.000Z
"scripts/engine/longitudinal-evidence-engine.js",scripts,.js,4444,1970-01-01T00:00:00.000Z
"scripts/engine/longitudinal-real-operation.js",scripts,.js,5111,1970-01-01T00:00:00.000Z
"scripts/engine/master-falsification-engine.js",scripts,.js,7739,1970-01-01T00:00:00.000Z
"scripts/engine/master-package-consistency-auditor.js",scripts,.js,3715,1970-01-01T00:00:00.000Z
"scripts/engine/mcp-provisioning-engine.js",scripts,.js,3080,1970-01-01T00:00:00.000Z
"scripts/engine/memory-integrity-engine.js",scripts,.js,5762,1970-01-01T00:00:00.000Z
"scripts/engine/mission-control-engine.js",scripts,.js,4785,1970-01-01T00:00:00.000Z
"scripts/engine/mission-ledger.js",scripts,.js,7462,1970-01-01T00:00:00.000Z
"scripts/engine/multi-bkm-composition-engine.js",scripts,.js,4813,1970-01-01T00:00:00.000Z
"scripts/engine/operationalization-program.js",scripts,.js,5953,1970-01-01T00:00:00.000Z
"scripts/engine/parallel-work-graph-engine.js",scripts,.js,3387,1970-01-01T00:00:00.000Z
"scripts/engine/playwright-mcp-benchmark.js",scripts,.js,2869,1970-01-01T00:00:00.000Z
"scripts/engine/polyglot-language-harness.js",scripts,.js,4250,1970-01-01T00:00:00.000Z
"scripts/engine/prediction-calibration-engine.js",scripts,.js,6629,1970-01-01T00:00:00.000Z
"scripts/engine/product-decision-engine.js",scripts,.js,2768,1970-01-01T00:00:00.000Z
"scripts/engine/product-factory-scale-engine.js",scripts,.js,8078,1970-01-01T00:00:00.000Z
"scripts/engine/production-readiness-review.js",scripts,.js,9625,1970-01-01T00:00:00.000Z
"scripts/engine/project-bootstrap-engine.js",scripts,.js,2807,1970-01-01T00:00:00.000Z
"scripts/engine/real-client-pilot-engine.js",scripts,.js,4628,1970-01-01T00:00:00.000Z
"scripts/engine/real-client-replication-engine.js",scripts,.js,4741,1970-01-01T00:00:00.000Z
"scripts/engine/real-operational-campaign-engine.js",scripts,.js,7872,1970-01-01T00:00:00.000Z
"scripts/engine/real-project-discovery-engine.js",scripts,.js,10292,1970-01-01T00:00:00.000Z
"scripts/engine/real-provider-adapter-engine.js",scripts,.js,7034,1970-01-01T00:00:00.000Z
"scripts/engine/real-world-autonomy-pilot.js",scripts,.js,4108,1970-01-01T00:00:00.000Z
"scripts/engine/real-world-validation-program.js",scripts,.js,5467,1970-01-01T00:00:00.000Z
"scripts/engine/release-decision-engine.js",scripts,.js,4107,1970-01-01T00:00:00.000Z
"scripts/engine/restricted-autonomy-operations.js",scripts,.js,6123,1970-01-01T00:00:00.000Z
"scripts/engine/sdd-fsm-engine.js",scripts,.js,54,1970-01-01T00:00:00.000Z
"scripts/engine/self-hosting-harness.js",scripts,.js,10066,1970-01-01T00:00:00.000Z
"scripts/engine/seo-validator-engine.js",scripts,.js,4715,1970-01-01T00:00:00.000Z
"scripts/engine/simulate-strategies.js",scripts,.js,1858,1970-01-01T00:00:00.000Z
"scripts/engine/spec-driven-product-loop.js",scripts,.js,7511,1970-01-01T00:00:00.000Z
"scripts/engine/strategy-engine.js",scripts,.js,2600,1970-01-01T00:00:00.000Z
"scripts/engine/strategy-meta-optimization-engine.js",scripts,.js,2450,1970-01-01T00:00:00.000Z
"scripts/engine/strategy-selection-engine.js",scripts,.js,3071,1970-01-01T00:00:00.000Z
"scripts/engine/strategy-simulator.js",scripts,.js,1029,1970-01-01T00:00:00.000Z
"scripts/engine/sustained-operation-engine.js",scripts,.js,5724,1970-01-01T00:00:00.000Z
"scripts/engine/system-wide-integrity-audit.js",scripts,.js,6844,1970-01-01T00:00:00.000Z
"scripts/engine/tool-discovery-ranking-engine.js",scripts,.js,3540,1970-01-01T00:00:00.000Z
"scripts/engine/transfer-and-unlearning-harness.js",scripts,.js,4641,1970-01-01T00:00:00.000Z
"scripts/engine/val-exp-002-dry-run-simulator.js",scripts,.js,3770,1970-01-01T00:00:00.000Z
"scripts/engine/value-instrumentation-engine.js",scripts,.js,5678,1970-01-01T00:00:00.000Z
"scripts/verify-eos.js",scripts,.js,34306,1970-01-01T00:00:00.000Z
"src/cli/mission-cli.js",src,.js,16530,1970-01-01T00:00:00.000Z
"src/core/adapters/cursor-mission-package.js",src,.js,7714,1970-01-01T00:00:00.000Z
"src/core/adapters/cursor-return-ingestion-engine.js",src,.js,5118,1970-01-01T00:00:00.000Z
"src/core/authority/authority-truth-source.js",src,.js,8949,1970-01-01T00:00:00.000Z
"src/core/contracts/schema-validator.js",src,.js,4427,1970-01-01T00:00:00.000Z
"src/core/discovery/governed-technical-selection-engine.js",src,.js,11510,1970-01-01T00:00:00.000Z
"src/core/discovery/operational-capability-receipt-engine.js",src,.js,11874,1970-01-01T00:00:00.000Z
"src/core/discovery/universal-technical-discovery-engine.js",src,.js,12080,1970-01-01T00:00:00.000Z
"src/core/economics/token-economics-audit-engine.js",src,.js,7751,1970-01-01T00:00:00.000Z
"src/core/governance/integration-gatekeeper.js",src,.js,17413,1970-01-01T00:00:00.000Z
"src/core/mcp/mcp-mission-bridge.js",src,.js,8723,1970-01-01T00:00:00.000Z
"src/core/observability/executive-mission-reporter.js",src,.js,7964,1970-01-01T00:00:00.000Z
"src/core/roles/role-skill-registry-engine.js",src,.js,9660,1970-01-01T00:00:00.000Z
"src/core/rules/canonical-rules-index.js",src,.js,1151,1970-01-01T00:00:00.000Z
"src/core/runtime/mission-runtime.js",src,.js,31280,1970-01-01T00:00:00.000Z
"src/core/sandbox/worktree-mutation-engine.js",src,.js,6784,1970-01-01T00:00:00.000Z
"src/core/sdd/epistemic-evidence-engine.js",src,.js,15646,1970-01-01T00:00:00.000Z
"src/core/sdd/hitl-gatekeeper.js",src,.js,16517,1970-01-01T00:00:00.000Z
"src/core/sdd/sdd-fsm-engine.js",src,.js,16571,1970-01-01T00:00:00.000Z
"src/core/supervision/multi-agent-supervision-engine.js",src,.js,7866,1970-01-01T00:00:00.000Z
"src/core/tutor/tutor-maestro.js",src,.js,2890,1970-01-01T00:00:00.000Z
"src/mcp-server.js",src,.js,14962,1970-01-01T00:00:00.000Z
"tests/accessibility-validator.test.js",tests,.js,2845,1970-01-01T00:00:00.000Z
"tests/adapter-architecture.test.js",tests,.js,5312,1970-01-01T00:00:00.000Z
"tests/adaptive-adversary.test.js",tests,.js,4007,1970-01-01T00:00:00.000Z
"tests/adversarial-chaos.test.js",tests,.js,2908,1970-01-01T00:00:00.000Z
"tests/adversarial-tool-selection.test.js",tests,.js,1507,1970-01-01T00:00:00.000Z
"tests/authority-adapter.test.js",tests,.js,3483,1970-01-01T00:00:00.000Z
"tests/authority-truth-source.test.js",tests,.js,9742,1970-01-01T00:00:00.000Z
"tests/autonomous-architect-advisor.test.js",tests,.js,1170,1970-01-01T00:00:00.000Z
"tests/autonomous-continuous-learning.test.js",tests,.js,1167,1970-01-01T00:00:00.000Z
"tests/autonomous-ecosystem-manager-v1.test.js",tests,.js,3770,1970-01-01T00:00:00.000Z
"tests/autonomous-ecosystem-manager.test.js",tests,.js,2516,1970-01-01T00:00:00.000Z
"tests/autonomous-failsafe-harness.test.js",tests,.js,1920,1970-01-01T00:00:00.000Z
"tests/autonomy-graduation.test.js",tests,.js,2382,1970-01-01T00:00:00.000Z
"tests/canary-f001-predictive-transfer.test.js",tests,.js,3387,1970-01-01T00:00:00.000Z
"tests/canary-i001-composition-experiment.test.js",tests,.js,3567,1970-01-01T00:00:00.000Z
"tests/canary-independent-review.test.js",tests,.js,2892,1970-01-01T00:00:00.000Z
"tests/canary-j001-composite-replication.test.js",tests,.js,4596,1970-01-01T00:00:00.000Z
"tests/canary-m002-replication.test.js",tests,.js,4104,1970-01-01T00:00:00.000Z
"tests/canary-m003-replication.test.js",tests,.js,4148,1970-01-01T00:00:00.000Z
"tests/canary-mission-001.test.js",tests,.js,5185,1970-01-01T00:00:00.000Z
"tests/canary-phase-b-validation.test.js",tests,.js,10480,1970-01-01T00:00:00.000Z
"tests/canary-phase-g-calibration-governance.test.js",tests,.js,3366,1970-01-01T00:00:00.000Z
"tests/canary-phase-h-composition-readiness.test.js",tests,.js,2924,1970-01-01T00:00:00.000Z
"tests/canary-phase-k-composition-policy.test.js",tests,.js,2510,1970-01-01T00:00:00.000Z
"tests/canary-phase-l-blind-evaluation.test.js",tests,.js,2552,1970-01-01T00:00:00.000Z
"tests/canary-phase-m-cross-project.test.js",tests,.js,2875,1970-01-01T00:00:00.000Z
"tests/canary-phase-n-longitudinal-chaos.test.js",tests,.js,2147,1970-01-01T00:00:00.000Z
"tests/canary-phase-p-master-falsification.test.js",tests,.js,1346,1970-01-01T00:00:00.000Z
"tests/canary-phase-q-autonomy-graduation.test.js",tests,.js,2167,1970-01-01T00:00:00.000Z
"tests/canary-real-001-browser-qa.test.js",tests,.js,5377,1970-01-01T00:00:00.000Z
"tests/canary-real-001-cohort-server.test.js",tests,.js,6383,1970-01-01T00:00:00.000Z
"tests/canary-real-001-comprehensive-qa.test.js",tests,.js,14386,1970-01-01T00:00:00.000Z
"tests/canary-real-001-telemetry-protocol.test.js",tests,.js,4687,1970-01-01T00:00:00.000Z
"tests/canary-real-001.test.js",tests,.js,6654,1970-01-01T00:00:00.000Z
"tests/canary-triangulation-phase-e.test.js",tests,.js,3076,1970-01-01T00:00:00.000Z
"tests/capability-intelligence.test.js",tests,.js,5742,1970-01-01T00:00:00.000Z
"tests/causal-replication-e2e.test.js",tests,.js,1381,1970-01-01T00:00:00.000Z
"tests/client-triangulation.test.js",tests,.js,3272,1970-01-01T00:00:00.000Z
"tests/closed-loop-meta-learning.test.js",tests,.js,2642,1970-01-01T00:00:00.000Z
"tests/cognitive-execution-fabric.test.js",tests,.js,6350,1970-01-01T00:00:00.000Z
"tests/cognitive-fabric-evaluation.test.js",tests,.js,2702,1970-01-01T00:00:00.000Z
"tests/cognitive-fabric-generalization.test.js",tests,.js,3134,1970-01-01T00:00:00.000Z
"tests/context-compiler.test.js",tests,.js,4045,1970-01-01T00:00:00.000Z
"tests/contextual-learning-boundary.test.js",tests,.js,1258,1970-01-01T00:00:00.000Z
"tests/continuous-change-operations.test.js",tests,.js,3346,1970-01-01T00:00:00.000Z
"tests/contradiction-resolution.test.js",tests,.js,1490,1970-01-01T00:00:00.000Z
"tests/control-plane-hardening.test.js",tests,.js,2942,1970-01-01T00:00:00.000Z
"tests/cursor-cli-harness.test.js",tests,.js,2698,1970-01-01T00:00:00.000Z
"tests/cursor-command-center.test.js",tests,.js,3467,1970-01-01T00:00:00.000Z
"tests/dynamic-replanning.test.js",tests,.js,1660,1970-01-01T00:00:00.000Z
"tests/effort-budget-engine.test.js",tests,.js,1528,1970-01-01T00:00:00.000Z
"tests/elite-platform.test.js",tests,.js,3401,1970-01-01T00:00:00.000Z
"tests/eos-e2e-local-fixture.test.js",tests,.js,5717,1970-01-01T00:00:00.000Z
"tests/eos-local-contracts.test.js",tests,.js,3574,1970-01-01T00:00:00.000Z
"tests/eos-negative-governance.test.js",tests,.js,3664,1970-01-01T00:00:00.000Z
"tests/epistemic-uncertainty.test.js",tests,.js,1796,1970-01-01T00:00:00.000Z
"tests/execution-runtime.test.js",tests,.js,9650,1970-01-01T00:00:00.000Z
"tests/executive-arbitration.test.js",tests,.js,3476,1970-01-01T00:00:00.000Z
"tests/executive-generalization.test.js",tests,.js,1740,1970-01-01T00:00:00.000Z
"tests/executive-orchestrator-e2e.test.js",tests,.js,4159,1970-01-01T00:00:00.000Z
"tests/experience-learning.test.js",tests,.js,2424,1970-01-01T00:00:00.000Z
"tests/external-product-factory-pilot.test.js",tests,.js,3820,1970-01-01T00:00:00.000Z
"tests/factory-governance.test.js",tests,.js,6433,1970-01-01T00:00:00.000Z
"tests/factory-proving.test.js",tests,.js,7994,1970-01-01T00:00:00.000Z
"tests/fixtures/adversarial-projects/synthetic-adversarial-agent/package.json",tests,.json,187,1970-01-01T00:00:00.000Z
"tests/fixtures/adversarial-projects/synthetic-adversarial-evidence/package.json",tests,.json,190,1970-01-01T00:00:00.000Z
"tests/fixtures/adversarial-projects/synthetic-adversarial-governance/package.json",tests,.json,190,1970-01-01T00:00:00.000Z
"tests/fixtures/adversarial-projects/synthetic-adversarial-provider/package.json",tests,.json,191,1970-01-01T00:00:00.000Z
"tests/fixtures/adversarial-projects/synthetic-adversarial-tool/package.json",tests,.json,179,1970-01-01T00:00:00.000Z
"tests/fixtures/falsification-projects/synthetic-falsification-contradictory/package.json",tests,.json,199,1970-01-01T00:00:00.000Z
"tests/fixtures/falsification-projects/synthetic-falsification-valid/package.json",tests,.json,183,1970-01-01T00:00:00.000Z
"tests/fixtures/level3-sandbox/pilot/package.json",tests,.json,69,1970-01-01T00:00:00.000Z
"tests/fixtures/level3-sandbox/pilot/src/config.json",tests,.json,87,1970-01-01T00:00:00.000Z
"tests/fixtures/level3-sandbox/pilot/src/index.js",tests,.js,105,1970-01-01T00:00:00.000Z
"tests/fixtures/level3-sandbox/pilot/src/utils/math.js",tests,.js,93,1970-01-01T00:00:00.000Z
"tests/fixtures/mission-projects/synthetic-ai-agent/package.json",tests,.json,155,1970-01-01T00:00:00.000Z
"tests/fixtures/mission-projects/synthetic-api/package.json",tests,.json,144,1970-01-01T00:00:00.000Z
"tests/fixtures/mission-projects/synthetic-data/package.json",tests,.json,146,1970-01-01T00:00:00.000Z
"tests/fixtures/mission-projects/synthetic-ecommerce/package.json",tests,.json,156,1970-01-01T00:00:00.000Z
"tests/fixtures/mission-projects/synthetic-migration/package.json",tests,.json,157,1970-01-01T00:00:00.000Z
"tests/fixtures/mission-projects/synthetic-mobile/package.json",tests,.json,155,1970-01-01T00:00:00.000Z
"tests/fixtures/mission-projects/synthetic-security-remediation/package.json",tests,.json,179,1970-01-01T00:00:00.000Z
"tests/fixtures/mission-projects/synthetic-website/package.json",tests,.json,152,1970-01-01T00:00:00.000Z
"tests/fixtures/production-projects/synthetic-production-ai-agent/package.json",tests,.json,205,1970-01-01T00:00:00.000Z
"tests/fixtures/production-projects/synthetic-production-api/package.json",tests,.json,195,1970-01-01T00:00:00.000Z
"tests/fixtures/production-projects/synthetic-production-ecommerce/package.json",tests,.json,208,1970-01-01T00:00:00.000Z
"tests/fixtures/production-projects/synthetic-production-migration/package.json",tests,.json,207,1970-01-01T00:00:00.000Z
"tests/fixtures/production-projects/synthetic-production-website/package.json",tests,.json,203,1970-01-01T00:00:00.000Z
"tests/fixtures/projects/synthetic-app/AUTHORIZATION.json",tests,.json,249,1970-01-01T00:00:00.000Z
"tests/fixtures/projects/synthetic-app/SPEC.json",tests,.json,307,1970-01-01T00:00:00.000Z
"tests/fixtures/projects/synthetic-app/package.json",tests,.json,162,1970-01-01T00:00:00.000Z
"tests/frontier-evaluation-farm.test.js",tests,.js,5441,1970-01-01T00:00:00.000Z
"tests/frontier-realism.test.js",tests,.js,2618,1970-01-01T00:00:00.000Z
"tests/gap002-provenance-readiness.test.js",tests,.js,5966,1970-01-01T00:00:00.000Z
"tests/graph-intelligence-plane.test.js",tests,.js,5163,1970-01-01T00:00:00.000Z
"tests/independent-telemetry-sink.test.js",tests,.js,3049,1970-01-01T00:00:00.000Z
"tests/independent-validation.test.js",tests,.js,2357,1970-01-01T00:00:00.000Z
"tests/intelligence.test.js",tests,.js,7071,1970-01-01T00:00:00.000Z
"tests/learning-robustness-e2e.test.js",tests,.js,2090,1970-01-01T00:00:00.000Z
"tests/learning-validity-causality.test.js",tests,.js,2879,1970-01-01T00:00:00.000Z
"tests/level3/audits/final-verifier-v1-3-audit.js",tests,.js,7676,1970-01-01T00:00:00.000Z
"tests/level3/common/baseline.js",tests,.js,1112,1970-01-01T00:00:00.000Z
"tests/level3/common/canonical-path.js",tests,.js,3284,1970-01-01T00:00:00.000Z
"tests/level3/common/canonical-path.test.js",tests,.js,2493,1970-01-01T00:00:00.000Z
"tests/level3/common/evidence-recorder.js",tests,.js,859,1970-01-01T00:00:00.000Z
"tests/level3/common/sandbox.js",tests,.js,2767,1970-01-01T00:00:00.000Z
"tests/level3/common/tree-hash.js",tests,.js,1912,1970-01-01T00:00:00.000Z
"tests/level3/common/verifier-integrity.js",tests,.js,927,1970-01-01T00:00:00.000Z
"tests/level3/ec-007-rollback/rollback-suite.js",tests,.js,5615,1970-01-01T00:00:00.000Z
"tests/level3/ec-008-adversarial/adversarial-suite.js",tests,.js,6157,1970-01-01T00:00:00.000Z
"tests/level3/ec-009-observability/observability-suite.js",tests,.js,4263,1970-01-01T00:00:00.000Z
"tests/level3/fundacion/fundacion-l3-runner.js",tests,.js,14670,1970-01-01T00:00:00.000Z
"tests/level3/multi-fixture/multi-fixture-runner.js",tests,.js,13100,1970-01-01T00:00:00.000Z
"tests/level3/pilot/pilot-runner.js",tests,.js,7561,1970-01-01T00:00:00.000Z
"tests/level3/run-all-l3-suites.js",tests,.js,3476,1970-01-01T00:00:00.000Z
"tests/long-run-independent-operation.test.js",tests,.js,3102,1970-01-01T00:00:00.000Z
"tests/long-run-stability-500.test.js",tests,.js,924,1970-01-01T00:00:00.000Z
"tests/long-run-stability.test.js",tests,.js,871,1970-01-01T00:00:00.000Z
"tests/longitudinal-evidence.test.js",tests,.js,2670,1970-01-01T00:00:00.000Z
"tests/longitudinal-real-operation.test.js",tests,.js,2717,1970-01-01T00:00:00.000Z
"tests/master-package-consistency.test.js",tests,.js,705,1970-01-01T00:00:00.000Z
"tests/mcp-mission-bridge.test.js",tests,.js,3122,1970-01-01T00:00:00.000Z
"tests/mcp-provisioning.test.js",tests,.js,2131,1970-01-01T00:00:00.000Z
"tests/mcp-readonly-guard.test.js",tests,.js,7022,1970-01-01T00:00:00.000Z
"tests/mcp-stdio-smoke.test.js",tests,.js,2346,1970-01-01T00:00:00.000Z
"tests/memory-integrity.test.js",tests,.js,1798,1970-01-01T00:00:00.000Z
"tests/mission-control.test.js",tests,.js,2479,1970-01-01T00:00:00.000Z
"tests/mission-engine.test.js",tests,.js,12548,1970-01-01T00:00:00.000Z
"tests/mission-ledger.test.js",tests,.js,3128,1970-01-01T00:00:00.000Z
"tests/multi-project-factory-e2e.test.js",tests,.js,2202,1970-01-01T00:00:00.000Z
"tests/operating-loop.test.js",tests,.js,5620,1970-01-01T00:00:00.000Z
"tests/operationalization-program.test.js",tests,.js,3705,1970-01-01T00:00:00.000Z
"tests/parallel-work-graph.test.js",tests,.js,2223,1970-01-01T00:00:00.000Z
"tests/playwright-mcp-benchmark.test.js",tests,.js,954,1970-01-01T00:00:00.000Z
"tests/polyglot-language-harness.test.js",tests,.js,1748,1970-01-01T00:00:00.000Z
"tests/polyglot-rust-wasm-integration.test.js",tests,.js,1523,1970-01-01T00:00:00.000Z
"tests/product-decision-engine.test.js",tests,.js,2375,1970-01-01T00:00:00.000Z
"tests/product-factory-scale.test.js",tests,.js,4778,1970-01-01T00:00:00.000Z
"tests/production-readiness-review.test.js",tests,.js,3080,1970-01-01T00:00:00.000Z
"tests/project-bootstrap.test.js",tests,.js,2448,1970-01-01T00:00:00.000Z
"tests/real-client-pilot.test.js",tests,.js,2727,1970-01-01T00:00:00.000Z
"tests/real-client-replication.test.js",tests,.js,2488,1970-01-01T00:00:00.000Z
"tests/real-operational-campaign.test.js",tests,.js,3587,1970-01-01T00:00:00.000Z
"tests/real-project-discovery.test.js",tests,.js,3924,1970-01-01T00:00:00.000Z
"tests/real-provider-adapter.test.js",tests,.js,3855,1970-01-01T00:00:00.000Z
"tests/real-world-autonomy-pilot.test.js",tests,.js,3524,1970-01-01T00:00:00.000Z
"tests/real-world-validation-program.test.js",tests,.js,3287,1970-01-01T00:00:00.000Z
"tests/release-governance.test.js",tests,.js,5986,1970-01-01T00:00:00.000Z
"tests/restricted-autonomy-operations.test.js",tests,.js,3489,1970-01-01T00:00:00.000Z
"tests/schemas-p01.test.js",tests,.js,4036,1970-01-01T00:00:00.000Z
"tests/self-evolution.test.js",tests,.js,7388,1970-01-01T00:00:00.000Z
"tests/seo-validator.test.js",tests,.js,2782,1970-01-01T00:00:00.000Z
"tests/spec-driven-product-loop.test.js",tests,.js,4446,1970-01-01T00:00:00.000Z
"tests/strategy-engine.test.js",tests,.js,6973,1970-01-01T00:00:00.000Z
"tests/strategy-meta-optimization.test.js",tests,.js,2164,1970-01-01T00:00:00.000Z
"tests/sustained-operation.test.js",tests,.js,3722,1970-01-01T00:00:00.000Z
"tests/system-integrity-audit.test.js",tests,.js,1969,1970-01-01T00:00:00.000Z
"tests/tool-discovery-ranking.test.js",tests,.js,1904,1970-01-01T00:00:00.000Z
"tests/tool-privilege-escalation.test.js",tests,.js,2453,1970-01-01T00:00:00.000Z
"tests/transfer-and-unlearning.test.js",tests,.js,1318,1970-01-01T00:00:00.000Z
"tests/val-exp-002-dry-run.test.js",tests,.js,2068,1970-01-01T00:00:00.000Z
"tests/value-instrumentation.test.js",tests,.js,4081,1970-01-01T00:00:00.000Z
"tests/verifier-authorization-aware.test.js",tests,.js,8868,1970-01-01T00:00:00.000Z